Origin,dep_hour,origin_hour_hist_n,origin_hour_hist_taxi
BOS,21,546,15.555200974973333
CLE,17,3662,16.183056839402653
FLL,14,3446,21.40599543988516
PIT,10,2145,12.65864580393442
SCE,6,278,16.287459867282468
SYR,10,789,13.473183160666787
ANC,14,549,14.973281710065907
BIS,6,271,13.28210196720424
DCA,12,4170,16.313971857103695
HOU,10,2610,9.407992557133865
RDM,15,35,14.167850591353872
BUF,17,1202,15.710952250255586
CLL,7,311,12.115960656527427
LBB,18,503,9.296284958263305
SEA,16,3146,14.417948191568938
BOI,5,149,14.733573613786236
MLI,5,354,13.618193457781437
SEA,19,3556,14.664294264177455
JAC,15,235,16.279581581590367
RST,12,432,11.786954567354837
SAV,16,766,14.979976708813826
CAE,13,272,13.767902768367668
EUG,12,512,10.26741802260257
LMT,7,83,14.473550982692746
EYW,17,172,11.770808197914604
SPI,11,49,14.178925032434716
TUL,21,180,11.01307082083133
MBS,18,316,13.713124590944165
FSD,14,428,15.037234526198432
ELP,5,53,15.206926992371063
MCN,5,6,16.23263990408276
DRO,14,80,14.114776832404292
RST,10,118,14.40669646712281
DHN,12,2,16.339802253262476
ONT,22,46,14.02506732762173
ACT,9,237,10.672581097426624
CLT,15,1666,23.893918363438715
DAY,6,1858,16.2582532328053
DTW,21,13152,21.9344747834163
LAW,14,241,10.746803020037456
OMA,17,1612,11.735198498734096
SEA,15,5733,16.212868134721887
TUS,7,2013,11.156015063811061
EVV,7,276,14.884733589980778
EVV,16,262,12.311214999538047
GRK,10,203,11.134190857533904
SAN,10,4876,13.73646700760305
HNL,8,1941,10.84549722186809
ONT,0,313,12.858740508069667
SNA,7,2725,15.956339762772663
DEN,19,9464,16.079429091366872
JAX,12,2229,13.866749604908877
SBA,16,568,10.180628487773612
LGB,15,296,15.648130883416092
MOB,16,343,12.590654243414837
SDF,15,538,14.054325752088987
GTF,13,267,11.966375558127446
ALB,14,375,15.717178589121627
RKS,12,120,13.662090135603512
TYS,20,11,16.357295764259213
FLG,20,57,14.781272801482627
IPL,6,71,14.10912181188756
RIC,5,89,14.474390634035833
GTR,17,30,15.281998691021329
HRL,11,25,14.397278638662181
MFR,19,64,13.552803840443735
ABE,11,4,16.217882979161274
FAY,8,58,14.573796391346661
CMI,12,194,15.917210305553649
MIA,11,4199,16.00480572920046
OMA,9,657,12.675904662923083
WYS,19,113,12.237839576679685
BFL,6,963,13.071175757133371
BUR,10,1973,12.96896277367717
CHO,17,162,13.292594770354095
EVV,15,352,10.275796083700824
FSD,5,316,16.922259206328782
ORF,6,1657,13.30828675573863
SEA,11,7076,16.68487455822642
TRI,17,158,12.184728022607645
YUM,14,57,14.316304648616386
AMA,10,328,11.309952873441057
RDD,15,143,12.418353209188364
FLL,13,3981,21.768355753450816
ISP,13,498,10.275350886007981
BOS,7,6942,20.638974698925413
HRL,10,274,9.624758903296183
WRG,10,261,10.098780692057542
ONT,20,533,8.967867029751616
RAP,19,100,12.998299149163863
SLC,10,8689,22.322409811108518
GRK,14,232,10.523071776604738
IAD,5,51,16.58052867438922
LRD,18,223,10.748172847779482
MYR,7,269,13.966557804424857
GSP,9,457,13.566714236683614
MTJ,16,281,13.216954933944285
YUM,19,158,14.645968332685165
PBI,21,102,15.181484306102835
RAP,16,152,12.887539007272908
TOL,12,80,14.653665721293182
OME,10,107,10.950047487114844
DRO,10,147,13.087691618756164
ACT,16,260,10.91572174953548
DFW,6,6442,15.212726968791314
LAN,18,298,13.933818667921539
LFT,7,182,13.874680247633945
SJU,6,538,15.214200360239458
TPA,19,3309,13.011633860320556
DFW,9,14779,16.012612395311027
HNL,16,2390,11.843236879450913
LAN,8,368,15.646709038104214
LGA,5,267,14.963650762487118
MSN,18,722,15.804938965733301
OGG,8,594,8.339567478145206
OKC,7,2901,13.27979334549576
OKC,16,1420,11.938591993311036
OMA,11,1824,12.357411553967138
OMA,14,1344,11.836329522044856
SYR,8,279,14.47931353517882
TYS,9,903,13.267856261049625
DEN,23,1330,14.513748132750191
MFR,15,137,12.67788957735347
SMX,14,116,13.044721434410985
EWN,11,149,11.87413586278222
HNL,10,1352,10.106515034320092
ROC,6,2180,17.977043785014374
SFO,16,6331,16.49162802516448
GUC,12,173,14.632453589131035
OMA,15,1508,12.501654123030331
LAW,5,88,14.184360796982833
CHA,16,107,15.906569226245278
MFR,20,271,10.86431220979184
DRO,15,195,14.39884688078906
LAN,20,172,16.256102315561662
ORF,19,653,12.281088751437947
PSP,19,229,12.913859665145205
SUN,19,189,11.538615328141082
MHT,20,262,11.206242623847439
ROA,18,88,15.546062924642408
MCO,22,60,13.54787393645483
MOD,6,172,14.300219962620488
PHX,1,65,14.258544423228924
SPI,16,7,16.32392364329694
PLN,16,1,16.3926715825027
BZN,9,88,17.556701222514747
BFL,8,1,16.422374552799727
DLH,15,57,14.494648597660973
FSD,12,219,13.519309811388002
JAX,17,2159,15.30352360771703
LAW,16,268,9.640379972371665
MCI,8,3903,12.957696684944485
SAN,9,4351,14.023064441660924
BTR,17,434,12.945055861110061
LWS,11,96,12.748264437922309
RDM,13,265,12.527835150226775
RSW,8,764,11.334097025269413
ACV,10,268,11.490923450632534
BIL,11,325,12.175670187841819
BWI,20,4428,11.279960209768722
LGA,14,5430,29.9413489746533
MCO,14,6514,15.790544274241423
LAS,0,734,13.753788764787497
LRD,15,211,11.857427105571617
PDX,13,4164,11.082471817502995
RNO,7,1380,12.133553939076199
SLC,21,11774,18.513361952992483
PWM,8,189,16.133771037483644
FAR,13,341,15.783809137942795
PVD,21,292,10.560356708757073
PSP,13,828,13.26471964421635
MOD,5,218,14.366854810794882
SHV,14,170,11.465406777158417
MCN,11,36,14.835734042888035
MLI,14,356,11.784341732089414
ALB,15,331,16.261391716549358
FLO,15,152,12.10976122949513
FCA,10,42,14.65253401290685
STX,14,53,17.318038103482174
EGE,13,156,18.443983710284268
CRW,13,109,13.02708052551566
SFO,1,94,14.96731871047821
MDT,19,53,15.938953136161913
GPT,8,55,14.139740837630791
LIT,22,1,16.40257257260171
ACV,8,425,11.125066342538615
AVL,6,619,16.081585298793843
AZO,15,263,15.304848016068243
BIS,19,367,10.556016766237201
CVG,14,598,15.026733280562713
DFW,10,14367,16.221584283530294
DRO,6,387,14.110184455508774
MEM,12,423,16.081567552261518
ORD,8,18093,19.318235575761708
SAT,10,1832,10.783985419168102
SJU,15,1528,16.501633802108582
SRQ,10,329,15.782423845764038
TUL,10,1295,10.72018625794464
DEN,21,12705,15.401925796941255
EWR,10,4835,21.143598749712822
GSP,6,1189,14.738293118566931
LBB,13,606,10.394702308545003
MSN,9,873,14.226782970023406
BQN,10,190,13.898826999423354
BZN,16,342,13.616877443060572
FAR,10,416,15.419883391148785
GEG,10,788,10.646013321883753
MCO,7,7789,13.389993640490909
PHL,22,181,15.404483380187804
SRQ,17,469,12.452829226419636
CMH,16,1494,12.562521850585178
FAI,7,500,12.254433049721287
ROC,16,988,18.56126822594924
SPI,14,130,15.920260129707707
SBA,21,92,14.232603280379024
ATL,14,21683,19.146015692504832
DSM,9,369,13.248741641434483
RST,14,213,15.63469594195774
DAB,6,224,13.11932046244683
FAR,7,249,16.228251661411957
ISP,12,404,10.34059490046185
OXR,11,26,15.608411347879148
STX,17,76,14.412839942231663
LFT,8,86,15.003547472219207
FLO,14,40,14.340427355948377
AGS,8,123,13.917757084451896
CEC,13,225,14.26049178410084
CID,16,507,16.193838269905722
CLE,16,4427,15.994402436455218
EUG,19,146,12.60837329200314
MAF,10,168,12.312163544152137
OKC,13,1447,10.162029624972705
ORD,7,14801,17.406459957709735
RAP,8,137,13.804471855834484
SAN,21,2323,11.760074217842664
SEA,12,6925,18.379311007805377
SGF,12,264,11.740823708331792
SLC,9,7324,21.025546852078765
CVG,10,4916,15.91081735044513
GSO,11,564,14.708825044928876
HSV,16,285,14.100415142422786
ITO,22,93,12.780620879962553
MCI,20,1075,10.294178578581084
MEM,10,1147,13.808067225206715
ONT,17,1562,9.778375348876517
PHL,8,3917,27.128120445564544
SFO,22,6582,17.373190636012087
TYS,13,496,16.623590318511365
RNO,15,711,10.400320382037945
LAX,10,10994,15.9493113241241
LSE,7,68,14.777737082337932
MYR,18,302,18.347412512021823
RDM,6,630,14.785835383332566
LBB,6,247,11.287204120555542
SBA,8,592,10.882456401492446
MSY,19,837,8.847022230344475
BFL,13,210,12.766644612363782
EKO,8,262,13.628894557549096
FCA,16,160,13.883307037818357
MKG,7,127,11.377356078558469
BIL,5,20,15.430498581939771
HDN,11,26,16.7592049986728
MBS,10,140,13.986082624303219
LCH,11,8,15.987591016970116
BET,14,271,9.1769806734037
CAE,7,966,16.45840509365176
MCO,8,6200,13.666295211084567
PHX,9,10442,19.16985959304048
SAV,14,827,14.605889784069875
AZO,17,1,16.422374552799727
DEN,7,5949,15.006225794318528
DTW,18,1102,15.904875066416617
OGG,23,248,10.49614893630107
OMA,18,1154,13.577878652179246
PDX,15,2692,10.777098792920048
PHX,6,7572,12.83350623433691
PIT,19,1539,14.691067620398275
ROA,11,194,14.352584455213512
BWI,17,6001,15.0332174774353
CVG,15,7935,18.412527670172093
DSM,7,473,15.348446474402746
MFR,7,184,12.755844471242158
MSP,15,6010,18.75559080684661
RNO,10,852,9.880945199404174
RNO,20,1252,11.072973246917732
DTW,19,15223,21.331048739139383
BUF,11,1180,11.031765492056854
CSG,11,142,12.69694144558997
JAN,8,452,12.356267807668067
MFE,13,253,13.897053342302472
PFN,8,113,12.10638417761865
STT,7,175,13.675126653937355
CRW,14,267,13.993623514530716
BDL,5,115,15.268185255036151
EUG,15,354,10.959603149411393
CAK,9,213,14.433417986686175
RDD,11,227,11.515779296124688
GNV,7,155,13.186901293461853
GTR,16,179,12.10272340441854
VLD,18,8,15.913516942896043
MCN,16,28,14.958279920568536
MCO,5,254,14.33237240065755
CRP,10,152,12.034364404098303
HDN,14,272,18.216827499550465
PFN,7,150,11.27063931933109
STT,8,94,14.065256854808107
ABE,14,90,13.998209630698803
CLD,7,8,16.18203546141456
RDM,8,1,16.41247356270072
IDA,7,167,18.309587377650836
LNK,16,85,12.771134215312285
XNA,19,2,16.339802253262476
CLE,14,2011,16.128687745065264
CLE,15,4061,16.312102818993697
FSM,17,254,9.781524943030432
PBI,6,1446,11.697063279322622
PVD,18,1105,13.360713551728443
ROC,11,588,13.227703241036009
XNA,10,794,13.945928221289456
ATL,23,1958,13.44541293966607
BTM,6,258,12.973910139197688
CHS,12,875,16.1473434152131
HPN,20,269,16.278210920956024
JAX,14,751,13.056004500391039
LSE,15,271,12.767277169360574
MFR,11,85,12.852215296393366
MIA,16,3239,18.044522261105953
MRY,6,916,11.542972273457455
SEA,20,2898,14.769065987269103
SFO,20,4343,16.455921636244152
BTV,12,308,14.094754484884247
GSO,17,946,15.432753183396533
IAD,16,3869,23.31435117909619
JAN,7,622,11.722520539934589
CMH,5,186,14.278530873541163
DAL,12,2383,9.595916161833578
LFT,6,635,13.396816095010577
RIC,15,233,15.785765254753072
BNA,12,2358,11.994572754203732
STL,21,891,9.322562895895835
ORF,20,221,11.871214423155054
ROC,22,41,14.330920778955834
OTZ,20,108,11.089710720349869
MFE,6,468,11.578626460973192
MEM,17,1087,16.603757228165772
AMA,11,522,9.867620305197384
RDM,7,153,15.852410394595939
LNK,7,154,14.664015078081782
OTZ,19,147,10.063400120780456
EGE,18,126,15.728583317844127
AVP,15,108,14.03201841265756
TWF,17,166,11.837067029446514
TRI,9,6,16.32697952672427
MOD,18,23,14.737071787258314
BTV,8,346,16.483542219355993
GRB,18,645,13.944509838701709
MIA,15,3050,19.17671740629612
TUS,18,1085,12.113636987200653
TYS,8,795,14.314703720483546
PHL,13,3620,16.671951567159347
BWI,9,5146,12.483732335080589
CLT,11,8797,21.607919504308505
CPR,12,250,11.953313799522208
GFK,16,263,12.417795674470447
ISP,17,457,10.931166660381997
MSY,16,2306,11.917564351551444
ALB,5,181,14.201636405098835
CAE,9,421,15.44848335860417
ORD,14,14809,18.349564681053913
DAL,19,2720,9.491723343912332
KOA,19,203,10.992276666114762
SLC,6,2745,16.116576390099393
EVV,13,498,13.715150217111661
LGA,8,6403,30.14465013529644
MBS,8,312,14.156941334545564
MKE,20,136,14.562117923020223
VPS,10,184,14.29105573884779
MHT,9,878,13.062024365882182
TWF,14,2,16.43784146894875
CHA,17,226,13.434539355315254
BZN,19,21,15.840163882915476
GSO,7,1173,17.10106820882386
AMA,7,516,10.936136087390866
COD,13,115,14.221673627129174
DEN,18,12933,17.121358077943125
ELP,8,1306,11.814125056780066
FSD,16,232,12.375481415158953
IAH,8,7643,17.03146840111491
LAS,22,2397,15.466423640301471
LAX,5,198,14.12637526789521
MSP,16,4372,18.178591196295343
OGG,12,1281,9.13516280219607
SHV,15,239,10.64206439478694
SMF,20,2358,10.710602046311136
TUL,13,920,10.826137088071347
BZN,6,546,16.401950200979524
EUG,11,131,13.816709220055293
FAT,11,826,10.926198520337769
GGG,16,263,10.395757106977335
LGB,8,575,14.895792340492997
MCO,21,2450,10.608886207777559
MSP,7,6071,20.814075486928015
ONT,9,2348,11.789076727872866
PSG,17,73,12.940230230247241
TYS,18,1140,13.575532120832882
GRB,19,318,11.925023516346346
IND,7,3409,16.1982501652416
OAK,19,2774,9.303291520470694
PWM,18,202,20.243906721300572
SMF,12,2150,10.913182146592344
ABI,11,182,11.108722800825435
DEN,12,11821,15.187036308181591
BDL,8,1591,14.223926569977985
EGE,7,160,25.464076268587586
TVC,5,81,14.69425320349598
RDM,9,242,11.297250964423311
HLN,17,142,11.994462106746994
PSC,17,6,16.053394621063894
MLB,18,137,14.26860687693153
HDN,9,52,15.622762038373503
CHA,9,43,14.256362446383026
FSM,18,4,16.08326759454589
BTV,10,353,17.46061772590016
CRP,17,236,11.817439969740395
GRK,18,222,10.520682701344015
HHH,17,82,14.311317746333916
ISP,7,1088,9.443316355078093
JAC,13,377,15.066372808873737
PSP,14,570,12.533820641541453
RNO,16,1104,11.017159327103633
SJC,16,3083,10.799453292438823
SMX,12,68,13.099165653766503
SYR,7,975,15.787590539379325
TUL,9,624,13.62383954396792
AVL,17,208,17.57357087608043
GRK,5,182,11.697375283094939
MEM,7,1478,16.03463867543268
OGG,10,697,8.516511706189176
OMA,10,1327,12.363461688740555
RDU,9,3068,12.896988582649234
BIL,14,321,12.40061717299946
CMH,11,1843,13.783664348858865
DLH,6,265,16.475780355706227
FAI,13,112,13.56443315958855
HNL,21,2065,16.059889066897355
MSY,11,2101,12.048914052627339
MSY,17,1942,12.066434784443082
FNT,9,131,11.790735194081266
PVD,12,1014,13.44852767489477
SAV,12,1390,16.23332874485421
BOS,14,5090,20.90012713484254
HSV,11,588,13.345435799175544
ROA,10,61,15.271179067284303
DRO,13,198,12.804227616888499
FWA,13,513,13.294714241162762
AMA,12,314,10.557149347422156
MCI,10,2888,12.280341308511638
OKC,9,870,10.694494669930695
CRP,15,53,13.912809345312239
ABY,6,218,11.502074936581046
FLL,21,475,15.505495356230911
DLH,5,145,14.663917672786827
GJT,13,219,12.418996331764177
PHF,20,171,11.515349925582187
CHO,7,125,15.798488132590101
DTW,8,6749,19.721661531586037
IND,8,2987,16.29337862968344
LBB,10,341,10.804217301208102
MKE,6,2425,15.802241516765456
SJU,14,1898,15.095425340256643
SUN,15,233,12.329308798296614
TRI,14,157,12.870271711411567
KOA,16,616,10.384999762336275
SFO,15,5369,16.726578868135448
FAI,1,350,13.385910732961717
FWA,12,183,14.186077137218279
ITO,14,264,10.944120411628496
LAS,19,5986,12.85452839793506
YUM,11,356,13.679078574194676
BTR,18,246,12.88919025963229
OGG,7,288,8.419226365548383
CRW,16,361,12.96021655061339
DCA,6,4612,14.268815753360096
FSM,13,364,10.477715150501664
OAK,18,2959,9.973082651138533
AVL,13,147,15.051254371792602
CID,8,311,17.07703121613813
EUG,16,375,10.986652273332153
GRB,14,631,13.013214541494902
PIA,8,263,13.398511927913974
BRO,16,252,14.033124516570377
COD,11,53,14.945489083874332
MFR,10,105,13.476389413818403
AMA,18,310,9.81136543861652
SJU,22,31,16.17297580025017
SRQ,18,153,11.94331948550503
DLG,18,18,15.200507032481124
BNA,8,3448,12.17662340186944
HDN,13,374,14.762995421588128
HNL,11,2402,11.450703369237718
LAS,13,8386,17.678135732952246
OKC,14,957,12.832223112424574
ORD,11,16859,18.367808233376543
PHX,16,10091,13.772805399846213
SGF,13,527,16.831993349015587
JAN,10,508,10.112927351698639
MKG,21,52,13.708288354162978
ORD,20,16063,19.8695576210996
SBA,20,289,14.464421156382448
ALO,7,210,15.5956768704283
OMA,19,627,10.597881471571903
BTV,14,244,18.705406482072014
IAD,22,1625,20.12617961149726
MLI,8,94,14.420926957900889
RDD,9,225,11.297414861023915
BOI,15,802,11.21691777143323
AGS,10,187,11.521462821716979
MOD,9,423,11.708718603886755
CMI,10,155,13.665332666010872
PHL,16,3968,25.621106152859582
SAV,19,305,14.144839086006845
MYR,10,169,13.62698821499172
MFR,12,530,10.52168226957583
DHN,15,21,15.674874626717129
SMX,18,167,12.47812670349353
DAB,18,117,15.814100598307707
PSC,11,134,12.827606110396465
HPN,5,200,19.525532766109244
LSE,5,23,16.02975471408758
BNA,14,2392,12.560056111489876
CMH,8,1786,14.559204575733178
GRR,6,1273,14.105360400460869
JAN,14,816,10.769279290210452
KOA,13,743,10.170414982008035
LGB,18,463,13.709875363823752
RDM,17,363,12.28868213786776
TUL,12,849,12.60764997874897
ELP,9,1109,11.0212240114415
ISP,9,411,10.2713499605338
RDD,16,199,11.68782551783536
TLH,10,155,12.116313058167735
AUS,20,971,10.085583407873738
MCI,17,3752,13.028987494764479
FWA,6,978,13.750148265150996
KTN,9,265,13.26208172556924
MOT,10,108,12.820479951119099
GSP,19,304,14.444702549091021
SAN,7,4831,13.928140302136033
SEA,8,6602,17.416839723938043
FAY,6,228,11.764206798270648
MCN,6,100,14.733299149163862
HRL,6,181,10.440070568799902
SBN,14,166,15.416014397867567
AGS,18,66,15.937709818269715
PSE,4,111,14.742463648496553
RST,11,86,15.514300160391251
EUG,8,30,15.758921767944404
BUF,14,901,13.7888709588739
LBB,19,456,9.459819837828729
PHF,9,203,12.262903728821032
PHL,11,4018,19.79642055119786
PHX,20,7378,15.761922951301521
PWM,11,390,13.911550673128108
SDF,18,1101,13.092972381209636
SGF,8,601,15.515919871373429
CID,14,373,11.508794566242647
EUG,5,392,14.413942743562545
MKE,8,2375,15.174408012053647
SWF,12,432,12.283195168858596
HOU,21,1382,8.490998535649645
JAC,9,92,16.972186613712356
KOA,7,122,11.534503737985462
PSC,6,532,12.695664287710084
VPS,8,268,12.830597363676013
DAY,19,510,12.674852180053726
PDX,16,2101,10.506887700969003
PSP,10,541,13.668736083982486
CVG,13,6723,16.159410791416207
LEX,16,398,13.603734598057777
PVD,11,834,12.792997676480486
FAI,9,130,16.446347086229448
ERI,18,234,13.319340807882552
PSE,5,197,13.514006161053107
ISP,8,614,9.821652422734976
EGE,8,174,28.900218357053916
YUM,12,161,13.033179424646638
TRI,20,1,16.52138445378983
ALB,9,214,12.349235126855964
ATL,6,3122,15.41671627244965
MFE,11,276,11.145371887853118
MKE,5,344,14.672657274398137
PDX,19,1806,11.92059802194794
PHL,15,4756,20.29997113464431
PNS,9,622,10.892880650737911
ICT,19,463,13.361740372704746
LAS,23,8892,19.38808494548852
LNK,10,251,13.577378432572003
PNS,17,293,11.882086080999422
RDU,7,4367,15.344002648272392
ROW,10,175,11.144217563028263
RSW,9,755,12.663929625535408
STL,17,3205,13.261621733686164
SUN,11,287,10.575348397500704
DEN,6,5232,14.895472586240205
GJT,16,261,12.924265456600478
GPT,6,793,13.927950537326733
HNL,6,1114,9.951120123420736
JAX,8,1362,13.60783846089793
ANC,0,1075,13.74779559985768
DRO,12,482,12.227937851946345
EGE,6,216,17.391328575420168
FSD,8,42,15.589153731216708
LIT,16,940,11.64582675945459
PFN,16,347,11.88738216964826
PSP,7,786,11.84611718942751
SEA,21,2513,15.476333650911892
CLD,16,76,12.844658124049845
HRL,19,187,9.737490696281437
ICT,7,1215,13.382250821165607
DAY,17,979,14.527024865461328
TXK,16,167,10.582995617351209
SWF,15,305,14.399160073661166
MLB,16,151,14.6161746208477
MFR,17,240,10.566646558331684
PUB,16,1,16.491681483492798
ROA,16,77,15.235366270241654
TYS,21,2,16.349606174831106
ILM,9,26,18.14015737962518
CDV,16,111,11.714027629539206
BHM,6,1950,13.608614551137938
CAK,11,330,12.031767046122727
FWA,10,266,13.550983141619596
HDN,16,207,15.311595536914568
LIT,15,942,11.798138032469073
MCI,5,257,14.483640979923733
MHT,8,629,11.305431865339882
PDX,17,1847,11.510354303971635
PHL,19,2914,28.173078908371856
RNO,9,1560,11.51485531917637
ROC,10,496,14.23768427824291
SJC,10,3637,11.251447639773287
VPS,9,438,11.833940204150135
BDL,15,1160,15.059253833200614
BNA,21,1001,10.150463060701883
BTR,12,351,11.305232438653597
BUF,10,1515,12.826414755314412
CAE,10,525,13.732255727732438
EWR,22,89,24.01936417900938
MOB,10,226,11.100183527094394
ORD,18,16578,21.49488306930284
PWM,17,523,14.877463611288562
SPS,15,229,12.25732471073791
BWI,13,3870,13.236942022627902
ORD,17,15298,21.150646826200337
PDX,12,1977,12.386451530973892
TYS,11,975,12.526195190542115
LGB,13,523,15.863017383359187
VPS,14,311,16.485790340225723
FWA,17,169,13.928103456627408
JFK,18,4668,42.30278100457902
PIA,18,341,17.806484874904246
AGS,16,199,12.848360634892217
ONT,6,3406,15.918043305713855
PFN,15,214,11.390636400741315
TUS,15,1404,11.30695467409094
HOU,6,2469,8.939922082457288
ISP,20,410,9.393450646730926
CAK,19,204,12.745591545502542
JFK,16,7457,44.739004873604976
MOB,17,392,13.657845182586936
EWN,16,117,12.638985390934437
AZO,9,160,17.129460883972204
EGE,11,129,20.627335501453157
SIT,5,108,17.354133797272944
RDD,14,132,12.489913059624019
ABE,10,52,13.978025196268241
ASE,9,322,13.255118080172448
EUG,20,222,12.092111272772586
GSP,12,967,13.634170412214408
HPN,16,419,22.766203911045807
LAX,11,10253,15.892848433288203
MBS,13,183,13.330953462306617
SEA,6,6715,16.893420371215374
ALB,16,860,14.87047898940914
AUS,13,1729,12.54054665381781
BDL,18,701,12.82729067394853
CAK,16,428,13.306173920137827
CLD,10,265,12.210026931048692
IYK,5,251,13.497606352799922
JAX,20,129,14.605501440317784
OKC,19,708,9.92655919533759
PNS,16,870,12.757381267868839
ANC,2,277,14.582652068521943
BTR,6,770,13.535241183715831
IAD,8,8341,20.15183743985698
MOB,15,371,11.035371188604612
PHL,6,4629,16.21413825963899
SAV,13,418,14.786988088480257
EUG,10,233,12.770750239738057
RDM,12,272,10.929193090948313
SJC,22,527,12.978723811535522
SPS,18,260,11.132388416202145
FAR,12,260,13.637943971757702
FSM,15,256,10.695673679305541
MOB,8,48,14.254458309680896
TYS,15,589,12.20415069641912
BMI,5,55,14.804256966663049
CPR,18,196,12.904256181867476
TXK,17,91,11.940627381323417
IYK,11,2,16.39862578267424
BTM,13,76,13.26511266950439
OAK,8,2989,10.276031022930649
ACT,11,118,11.736971696480609
BOI,18,771,10.805579597971038
COS,14,1057,15.788815756121672
HRL,9,361,8.938524576643758
LAX,18,8804,13.975029181248065
LBB,17,534,9.540472917717308
PWM,19,246,15.079941704718996
SAT,9,1424,10.194002513013631
SAV,6,1334,14.736861806020066
BUF,19,1244,12.837544516244623
DFW,12,15331,17.07981723996065
PBI,14,1307,15.28191885560254
EWR,21,3350,34.41961154487907
HPN,8,946,17.253020869821007
MCI,15,2709,11.716860031980339
ONT,10,1631,10.378775176102122
PHX,21,5899,13.537699588236835
SEA,17,4120,14.952999959676013
CLD,15,24,15.231127659941714
SJT,11,240,10.751940675978743
WYS,12,34,14.497461416662482
BWI,5,525,13.545055727732437
GPT,9,405,11.102296692738163
HPN,11,495,13.641445092155921
ABE,18,77,16.461354970806624
TPA,15,3301,12.920217533029337
FAY,18,43,15.41020860022918
FCA,11,12,15.99696276636404
LFT,18,79,13.579105194596496
GTR,11,96,13.059488927718228
JAC,19,1,16.41247356270072
ABQ,9,2445,10.087882054944115
CRW,6,721,12.835152046081332
DTW,14,3600,20.009637791846696
LAN,17,223,13.859627956138615
LGA,6,7012,19.72183068473464
MRY,17,321,11.018194370149104
RSW,10,1443,12.18837318848527
TLH,8,249,11.299884899234305
TPA,8,3999,13.340731844311485
ATL,12,20186,17.141164341409485
BIS,13,355,11.258593032599501
DSM,8,874,14.604373541922765
EWR,12,6142,19.272614519358022
HOU,13,2977,10.31285662328007
PSP,8,338,12.951278150303134
DCA,14,5016,18.11271693311821
MKE,13,3091,15.600018749555868
PVD,17,1525,14.458252202974014
SDF,6,1754,14.147065711883913
OME,13,246,9.279363670036915
RDU,15,2036,14.574278946550924
RST,15,367,13.911477151676173
LAS,1,331,12.94120610170017
FWA,7,355,14.454197428203896
SHV,18,127,11.54475695961574
LAX,15,8992,14.423081811464227
LGA,20,3860,31.282489856018376
VPS,13,399,12.642604869404353
PWM,5,221,18.204547756488388
COS,19,190,15.029861482181975
SRQ,16,320,13.38728530912565
FAY,15,120,12.452999226512603
RDD,12,41,14.267090991721792
ILM,18,43,16.312306502327083
CRP,8,1,16.37286960230468
ANC,19,671,14.561167094465336
BFL,9,426,12.64003769930185
BNA,15,2161,11.740229911469603
BOI,7,1246,13.996032563025835
CIC,12,262,10.822264723294952
CID,6,847,15.070390527806518
FLG,10,195,16.673423151975502
ITO,19,272,10.474892015679496
JFK,14,3852,35.61175602981598
ORD,15,15278,19.158125883068852
SGF,17,677,13.254388455383236
SLC,23,542,16.401339298804942
CVG,16,7961,16.837819108030363
IAD,19,2207,20.445886358835185
MRY,9,230,11.835332817675068
SMF,19,1945,10.06829331532165
BIL,19,154,12.52621980249123
SPI,7,24,15.844030885748166
CAK,13,595,14.470014143644278
FSD,7,404,15.322737757604708
COS,7,706,17.69064495016473
FCA,13,160,14.210230114741433
HSV,9,589,13.285427909771805
FAR,8,256,15.732190533238125
MSO,10,68,16.95630851090936
TRI,13,98,12.654847625418043
BMI,7,51,13.891786952534918
GUC,14,90,15.213999104383014
RSW,21,78,14.554268706925688
MFE,18,221,12.170279843715802
CHA,10,75,13.9523418847587
CLD,11,1,16.37286960230468
SIT,10,37,14.406276130166223
GSO,5,284,15.001718306856178
BTV,17,534,15.986845157464943
CAE,19,165,13.896829546538765
DEN,0,973,13.938173187169406
DTW,22,2470,18.7263267820361
IAD,21,2964,17.686573051512003
JAX,18,1741,12.927571879322528
LIH,13,644,10.046585792785985
MSY,13,1681,11.354665822477694
OAK,20,2484,9.857840491421351
BHM,12,863,10.850114049670585
BHM,15,829,12.211689806063266
COS,17,596,14.360143433667778
GRR,17,1189,13.78716821554133
MYR,15,34,15.33328231218487
PFN,12,177,11.543898302645388
SLE,6,260,15.149055082868813
SWF,14,394,13.900121113021807
TRI,7,152,16.486745356479258
TUS,10,1488,11.633916769416103
MSP,19,7337,21.162116421921844
OAK,0,229,12.08103291742484
PDX,0,159,14.454285057269393
ROC,9,328,17.630046331384982
ANC,21,829,14.426975059023437
BOS,17,6277,22.689299016752823
ONT,8,1624,11.339129831689544
SHV,5,462,11.739608238136606
GFK,10,129,12.959213230710798
HHH,12,217,12.166119337011901
LEX,12,355,12.401450175456644
ABQ,8,2381,12.329971716982174
BDL,16,1288,18.528573364432834
FWA,8,261,15.226204514772224
FSD,15,217,13.979999463194867
PSP,18,349,12.745344832589694
TUL,14,734,13.133884688048889
KTN,17,272,13.859300617830034
LAS,2,272,15.547472660840787
BTM,14,42,14.265210069244878
DFW,23,237,12.969317002471135
FLG,7,195,18.686982474009397
AVL,14,152,14.157380277114177
ORF,8,251,14.118688973882543
MOD,13,177,11.93740010769954
EWN,12,35,14.56785059135387
ATW,12,249,11.732549655681296
ATL,9,28002,21.88675752009938
BDL,10,1561,12.487453238911964
COS,6,1952,17.354122724090047
CVG,18,835,17.893753828698152
JFK,23,600,22.386656899761103
MDW,14,4074,11.795558176768752
MRY,12,623,10.551396721760405
OAK,6,4839,13.81993517510281
ORD,10,16240,20.019257027529548
EVV,8,249,12.494727306111097
OKC,8,1389,11.996413586187222
RNO,21,296,12.400656135941345
SYR,12,749,20.2434155828419
HNL,9,2080,10.5076421237765
JAX,10,1822,12.168397414064918
MCI,12,2693,11.080436745375144
AMA,8,316,9.830913052482627
SWF,11,183,14.027066536511564
TPA,12,3960,13.664448233948958
KTN,16,90,13.966630683330383
SPS,13,260,11.362943971757701
ILM,13,80,14.509221276848736
TYS,19,340,14.231045067801755
MBS,5,18,16.302201947735362
MYR,9,42,13.899012886146286
BZN,12,335,15.288873172029362
CWA,6,369,13.666652089195678
JNU,9,13,15.943892299405068
SCC,16,268,9.409401711502099
ACV,9,89,14.32095148059668
MOT,11,163,12.512014562101797
PHF,19,129,12.802007990536126
GRB,13,197,14.214342861389806
CRW,7,61,16.23391198653896
ITO,21,152,11.363729483463384
AEX,6,691,12.43446249030692
DEN,17,11521,16.508532813857048
EUG,13,359,12.258518147783818
FAI,6,401,14.446426806053438
MDW,11,3297,10.436461533656983
PNS,15,391,11.604195172775505
SAT,15,2087,12.421883781359293
IAH,11,8307,18.747669778735904
JAC,14,157,15.648481828143083
RIC,9,457,16.631346193595643
STL,19,3213,11.776836652530267
TPA,11,5196,13.701219756388364
BUF,16,1635,15.064933619500158
GRR,16,631,16.60828978089299
JAX,19,1967,14.080628848491909
MOB,13,448,13.021277061738637
SGU,9,272,11.044784488797776
FAT,16,706,10.659627580437684
CMH,13,1083,14.0309888671452
CMH,17,2388,14.596326298164298
DBQ,6,259,12.76506916387959
IAH,22,1395,13.120173799219247
MDT,16,262,14.93552439180324
SPS,19,225,10.94049178410084
TYR,15,93,12.179584610532501
AVL,11,341,15.468616394178623
YUM,17,79,13.584691786775267
BLI,6,119,14.185661323437317
AVL,18,79,14.629384524205435
BGR,16,340,16.06740870416539
BUR,18,1453,11.12920787497281
IND,11,2433,14.605471705421545
ISP,14,275,11.47109287955406
MHT,11,493,12.805497183529127
ORD,9,21458,19.273525365517802
PDX,8,3101,12.431633811256724
PNS,5,116,14.294721434410985
RSW,14,796,15.40921856008122
BGR,6,240,16.028411264214036
BNA,10,2564,12.452199635823114
OKC,18,882,10.465030376611786
PHF,16,405,14.131999663035193
PIT,13,1204,14.351732998338017
SJU,1,120,14.88936286287624
SNA,21,1062,10.735507598823386
MLB,7,264,13.485329202837287
OGG,19,615,10.461062699066815
SHV,9,270,10.066648188737224
BTR,11,680,11.680333115170223
FSM,6,523,11.373450770197067
IND,21,222,14.154223074014823
ATW,14,225,12.315876399485454
YUM,7,338,19.165890022449254
FAI,20,201,12.593554251936121
COS,5,19,15.820670838930862
YKM,12,105,13.042243072354989
FAY,10,6,16.053394621063894
CEC,14,14,16.084735349410288
LNK,5,22,15.939834670760431
AGS,12,182,11.98815542493891
HHH,16,142,13.217602602614763
ROW,14,95,13.259793999142424
BTR,13,156,13.049452460284268
TWF,8,10,16.796907543934296
AUS,6,3294,12.922115447799875
AUS,11,3330,13.307480999951245
BOS,13,4696,18.416943250590652
GJT,7,184,14.438943062791452
MCO,12,6548,15.609605870913473
MLB,8,83,15.304152075588922
MOB,6,934,13.484197127497847
MRY,10,615,10.921202559206675
MSY,18,2465,11.367118842040068
PFN,5,28,15.130154920568536
PIA,9,667,14.384171877226562
ANC,11,785,13.318259694726297
ATL,15,16836,21.15928553553571
BOI,8,571,15.21707873298476
CRP,9,558,10.140820410080202
EUG,6,890,13.859252353366438
MRY,20,432,10.674172612467618
PHX,15,9492,13.791248939724015
RAP,9,238,12.783017248025955
SAN,13,5089,13.99434569856095
SMF,13,2677,10.690190792161603
SPS,6,255,13.615943182627529
GEG,17,555,11.768946305088203
GRK,7,271,10.993692263700195
MDW,17,4177,12.644297364936351
OGG,13,1001,8.955186039811784
RSW,11,1975,13.82537823124471
DSM,14,969,13.907071870750958
PHF,10,371,10.965307494337097
GCC,13,179,14.833906200117465
MSN,19,314,17.40255997544148
SBN,5,148,13.180079959003116
FAR,19,253,12.996203483945532
BNA,13,2745,12.433975335617847
CAE,12,406,15.477588596507456
RDM,14,222,11.384036738611096
MFR,13,294,11.4356848472913
AVL,8,115,14.1705108364315
CRW,10,9,15.776695686539199
PWM,7,253,17.25682671340729
ACV,7,8,16.30240583178493
DAB,19,80,14.44255461018207
AVP,14,107,14.413815603056873
GTF,7,138,15.1036127303898
CRW,22,1,16.461978513195767
ACV,6,373,13.652557779773304
AZO,6,482,15.028625137169714
CLE,18,2929,17.789917408330396
CWA,11,276,13.054946355938226
KOA,14,831,9.916927851592668
LGA,7,5921,22.887005452554853
MHT,17,1328,15.688137135737236
MSP,11,8311,18.79582211744534
CLE,7,4493,18.116189817076588
EWR,5,632,15.90254075113767
EWR,11,4498,18.349643286175027
EWR,13,7292,21.670679089533653
PVD,20,381,10.097005883228217
RAP,11,383,12.274658032780067
SAN,18,3524,11.744663308452752
SAT,18,2111,10.695006707296596
SRQ,11,671,12.670116510807748
TYR,8,232,11.387529607930038
DEN,5,447,16.16939639823176
MRY,18,547,10.21894873235359
PBI,9,775,12.934468376951742
CDC,7,223,12.977275014962144
DAL,6,2612,10.091319996251023
BET,20,267,8.794713432786846
LEX,10,501,14.59843565695969
PIT,11,1343,14.356659618733731
SRQ,12,644,13.143359986334373
FLL,7,4234,17.32248727038135
MLU,10,296,10.723888459173669
TUL,15,1373,11.040502260578936
TVC,9,122,13.633602837084561
FSD,18,471,15.155271155574034
ITO,12,300,10.974149574581931
CEC,19,73,14.165663756258802
CHS,9,166,17.186691089596888
ICT,20,7,15.922054484418435
MSN,17,264,17.90840612591421
FAI,12,148,13.607499313841824
PIT,21,55,14.32683761182434
MDW,22,95,13.972614511962936
JNU,15,55,15.28167632150176
ABQ,17,1539,10.370750353772284
ATW,6,756,15.129275502141091
BOS,19,4483,21.68790308309683
DAY,18,1055,13.76420764487686
EWR,7,8003,25.48915954952891
GRR,5,645,18.003570241386274
IND,20,826,15.737213639128266
KOA,8,602,9.371310298907083
LRD,7,512,11.775587957243092
PHF,12,408,11.436338247702308
PIT,17,3354,17.42925878107492
PIT,20,1090,13.510638512464515
SAV,11,820,15.70289111938345
SBN,7,267,16.69389599409475
SFO,14,4854,18.016887329397008
SGF,11,791,12.683119898802214
SJC,21,2124,9.777275103342074
TUS,11,1436,11.180768118380712
TVC,19,303,15.65672414350564
CLT,20,5814,22.55422046497003
CRW,11,231,11.46422909315037
MSO,15,156,13.162733710284268
SNA,16,2167,11.839285324143262
ASE,18,262,12.178618314455173
DLH,13,270,15.447729269818304
GEG,12,768,11.969654181834992
JFK,7,5316,27.86441281939305
ATW,13,403,14.977454930085035
DEN,11,15582,16.62853333948685
ROC,8,700,14.763324787290967
BRO,10,164,12.43431753724535
CLT,9,10484,20.93023996880506
PSP,15,416,13.233836879520878
ILM,15,180,12.252356535117045
RNO,18,886,10.282616460276646
CDC,15,116,12.549351064040614
MGM,13,219,11.538118588817468
FWA,18,353,15.986004039365945
MDT,18,318,15.917846482853523
FCA,6,379,15.81974912282416
CAE,11,635,13.053958952153433
TRI,6,312,12.943349101535857
JAC,17,47,15.099726733556276
BQN,4,67,15.548861256483669
CPR,13,201,12.467308404760042
COD,12,184,12.98823883743934
AVP,12,1,16.461978513195767
ABI,15,88,12.87053100974879
CLE,22,2,16.43784146894875
HPN,18,530,17.402634650528213
HRL,17,270,10.090972513061548
KOA,20,931,10.820232618654485
MLI,13,373,13.863974270259561
PVD,8,1066,11.8281816722408
STL,7,3248,13.226899590750529
DAB,7,269,15.77956593450616
GTF,12,216,11.495758955167002
ISP,10,572,10.099196175346387
MHT,19,575,10.971347896048552
OAK,12,3716,10.234187586434166
PIA,12,170,14.761703073454713
ILM,12,419,12.924200057481258
MFR,14,368,11.007820149215327
MSP,14,6741,17.132387053037974
FLL,6,3917,13.290679569288717
RDU,20,1046,11.315584493745876
SMF,9,2710,11.881017733036574
TWF,9,283,12.184490417317944
MEM,19,11019,18.211948900965265
OAK,21,1751,10.064646045290532
CLL,17,76,12.600339942231663
ELP,6,2155,11.084106354693025
CMI,18,193,18.49371955574325
FWA,19,167,18.747789624841847
CPR,7,123,14.612824349025887
MBS,6,203,16.302507689217073
LYH,11,6,16.006224809743138
OAJ,11,126,12.777255884215808
SIT,8,13,16.13858256489179
CHA,8,9,16.400548897548372
ATL,21,25199,21.50372187951432
ATL,22,6868,15.362178506003556
DAL,15,1958,10.690796807498918
DTW,6,5205,19.06232984539732
IDA,15,205,13.608720753550074
ILM,17,371,13.133035732129029
LAW,12,455,10.183170864563554
MIA,7,2756,15.564656803162736
MLI,12,441,10.513234435920097
OTZ,14,146,10.396991178182002
PSP,6,1457,13.083275420573393
JAN,16,797,11.175763466926169
LIH,22,587,11.625414599465463
OKC,11,1318,11.27973189692015
OME,9,145,9.704733999317439
SLC,8,9222,21.110347546645865
TWF,15,128,13.489736095757774
BDL,11,1122,13.537364836197032
BQK,16,112,14.054999197324399
CWA,10,160,12.010230114741432
MEM,8,5887,19.27119756636592
ORD,21,10916,17.975822424639865
PNS,14,359,12.925184814450486
STL,14,2650,12.518421756302827
ACV,5,226,14.376257146726296
AUS,16,2220,14.11235337492792
BIL,17,144,12.437130450134314
BOS,16,6436,21.106129104931572
CLT,13,5980,20.58448352464355
SDF,14,1395,14.779036675473428
ACK,11,81,20.318562595761176
AUS,12,2333,12.761060349294194
HOU,7,2794,9.63187969240939
STL,12,2886,12.15360342593194
DAB,12,440,14.33455524043106
ONT,18,1555,10.078948537663308
SBP,20,212,13.614294326387093
CIC,5,233,16.04402351301133
ACV,16,90,12.87189384122512
AGS,7,141,16.778671493082044
CHA,15,618,10.982813133471828
GJT,18,337,13.118214713576139
CLE,5,232,16.17066213805052
SHV,7,422,10.612375152936346
SMX,11,161,12.10980777713706
COD,6,228,12.639206798270648
SCE,7,113,15.688543802031797
MBS,19,11,16.141079548042995
EVV,14,76,14.338976305868027
ACT,15,225,10.863568707177762
RST,17,342,13.78429825754021
SAT,11,2629,12.185291253145024
SRQ,19,230,11.935332817675068
ATW,17,437,13.738658900992128
CMH,21,341,10.010566507557307
DCA,11,4312,15.123222989535988
MOB,14,373,12.121902388652796
PNS,13,788,11.103220529090962
SDF,13,1518,12.648121032035089
ABQ,21,398,10.423011706491511
CHS,11,1495,15.912012432497036
SNA,8,2857,12.713784183237326
SPS,9,238,11.697218431457907
HOU,11,2790,10.86493419717397
DHN,6,252,11.754715425661287
GUC,19,79,14.595864971132809
CMH,15,1504,14.94804228792567
HNL,5,1579,9.375616337005821
ICT,10,1062,14.164939612592748
MAF,19,434,9.370149494068862
DAB,17,236,13.609106636407061
CVG,21,3211,16.359003270864626
HDN,8,159,21.54308814607248
ACV,12,101,12.784377262849615
AKN,19,31,14.119540685746356
MRY,8,212,12.306602018694784
EUG,7,99,16.068642360968706
GUC,16,65,14.410059574744077
ATL,17,16204,22.0318731495236
BDL,12,1436,13.343528535047378
BHM,7,1866,13.058321378348309
CMH,10,2093,12.956069233849874
FLO,6,182,11.605176701534655
IAH,7,11128,17.653158160832984
IND,12,2121,14.69998191347716
ITO,20,557,9.381521811008787
LIH,10,602,8.301509729106513
SNA,12,2049,12.059869627656013
SYR,18,543,16.64177267470105
XNA,18,518,12.958996488402544
EUG,9,223,10.73578894685069
HSV,15,435,13.423663233332285
LIH,6,605,8.33710614160677
SBA,19,383,10.349192194270751
BET,9,225,9.94049178410084
BUR,11,1171,12.53002346957732
CLE,20,3296,15.056436934579732
GRR,11,665,14.280601084748724
IAH,20,4046,16.015113321233184
JAX,13,1538,13.958888785001694
PIT,15,2072,16.455644488873283
SFO,23,1702,15.673507119774014
SLC,12,2842,14.040333048889455
IAD,18,2823,22.877406715645833
ISP,16,430,10.580490244967496
OAK,17,2289,9.519740405957629
HNL,18,1289,12.22509706971402
IAH,12,9037,17.327641439184937
CHS,19,288,15.218195437713332
LFT,10,689,11.586387617025062
LGB,14,320,14.411094832935174
RIC,13,536,17.205439984013793
ALB,6,1835,17.00395856838903
SPI,18,170,17.183925295676936
MDT,14,237,13.945578130067574
MOT,16,269,11.654904687893692
DAY,20,179,12.418135590798467
JNU,14,316,14.818893821713395
SGF,5,143,16.373085719476432
ACV,15,183,11.610105405769515
FAI,19,152,13.05023741997132
MOD,16,11,15.807746214709663
ICT,21,1,16.37286960230468
EWN,14,72,13.218952499027749
DTW,16,1838,17.90384924139978
ACV,19,194,11.600883774941403
ATL,8,23316,18.62507088443085
AZO,18,298,13.325778466916514
BWI,8,6629,13.020011863550717
DSM,17,615,12.574349412353529
MDT,13,586,12.973265058065268
MKG,15,131,11.708484111830185
OMA,13,1132,13.798425186552576
SDF,21,286,11.167512512520137
SYR,16,458,15.669641272101744
MSP,21,8267,19.47671325801754
PWM,14,782,15.903242437452125
RHI,17,112,13.036131272796098
CID,12,318,11.070956530700412
CVG,12,2046,15.849328904861498
IDA,8,469,17.157574393379214
JNU,10,532,14.648195933279705
LAS,15,7247,16.337370332085584
LIH,23,122,13.845314548796273
SJU,11,862,14.945592338703507
SMF,14,2284,10.615629123252003
GEG,8,372,14.028940317442315
RAP,13,182,14.186736985222598
SJU,17,1458,14.901578838146838
BWI,10,5860,11.482493260039057
FAT,22,200,12.808866099442575
MCO,6,4855,12.07783245808936
MOT,4,271,15.497735390384832
CSG,6,265,13.042903643377459
DTW,17,12998,20.72504655900388
KOA,11,539,9.299937135888532
MRY,16,450,10.595745145150495
FAT,15,476,10.603576093459674
MGM,11,417,12.283674719212327
MHT,13,644,18.885295470205342
TYR,17,233,10.686666155653972
MGM,5,160,11.617922422433741
BIL,9,112,13.979527499211192
JAC,18,119,15.19022753348298
TUS,5,739,11.973372860348956
PNS,10,288,10.978504716063847
ACY,6,58,15.194049555903625
CHA,13,121,13.73149244268223
PWM,15,152,14.72087234060624
PNS,12,207,14.002149282842907
MEI,13,13,15.6961046887856
AZO,7,209,16.4357923295559
COS,13,722,14.720997359893886
FLL,8,2866,15.26151713750262
MTJ,11,223,13.738884922082887
SDF,19,674,15.233410632858881
TUS,17,1020,11.431839133779262
ACV,20,249,10.984698652815968
BTM,12,41,14.813190282501933
FAI,16,193,13.66778098919035
SAV,15,390,17.238081285373006
SNA,11,2619,12.54272152623493
SNA,17,1933,11.491716591162211
STL,20,1446,9.798615672595584
TLH,17,819,11.433797420927936
TYS,6,995,13.23165281263267
ANC,8,535,14.857732015484682
GRB,7,520,13.967193273923828
MSP,22,2989,16.953920307488758
PDX,20,2232,10.95482840044287
SBN,12,459,12.793666958555944
SUN,9,271,11.106899810870008
TXK,6,238,12.753431449209387
LIH,18,484,8.960033955193104
OGG,9,778,7.558838074980379
DHN,16,200,11.20219943277591
MKE,18,1919,15.459960292141046
SEA,9,3681,17.363834919289282
CLD,14,220,12.167686968227414
GNV,17,99,13.676682561973731
IPL,20,63,14.685029630875906
LIH,7,301,8.472967156690206
LSE,12,106,14.090581698217344
SBN,20,174,15.100948284061214
BIS,8,249,13.019082606970695
GRB,10,289,13.23048799442872
ORF,15,628,13.3237085574626
FCA,12,301,13.61760556068023
FWA,15,158,17.847518720282064
SGF,18,430,12.338980811005232
HNL,23,452,17.017499691726037
MTJ,10,181,12.77103142289243
YAK,12,113,12.02187713536513
SGU,11,181,11.180284091931576
BMI,14,47,17.004488638318183
ACK,21,7,16.024858222736192
BDL,17,2107,15.64461251918114
BGM,17,190,13.340206309768181
BOS,11,5554,17.983314437536748
BTV,11,417,15.074777233719097
CVG,20,4610,16.391859836482542
ILM,7,238,12.143963993588084
ILM,16,218,14.954905125260291
ISP,15,568,10.866257230288582
MSO,7,442,14.06763806242209
SFO,8,8812,18.30281191986454
TUL,6,2336,14.441157565612796
BQN,8,219,12.569466551199914
FAT,13,1014,11.005080637192794
LBB,20,213,10.126708721510456
MEM,16,679,17.76978155305876
RAP,7,135,14.624084382267117
RSW,7,1369,12.027678577149608
SAV,8,370,15.02055282943143
DEN,22,268,15.126793015849925
JAX,15,1604,13.637711167742237
MOB,7,194,12.01925112188018
STT,13,292,14.659846504675441
COS,16,1124,14.369003128948345
SRQ,13,567,12.015981753872223
GJT,12,472,13.034370331875477
MOB,12,404,11.209642519509469
JNU,16,163,15.19642520848963
LCH,17,163,16.804790227501037
PSC,9,52,13.958288354162978
AVP,8,6,16.194904055026157
DAB,16,27,15.556376612856477
GFK,4,40,15.25471307023409
TRI,15,15,15.25791156376324
ATL,16,22642,22.065766415875157
BMI,12,155,11.402587567971658
CID,13,508,14.279045772751273
EWR,17,6191,34.134423752953865
FAR,6,461,16.49493730807981
IAD,15,1551,19.0621803935995
ITO,6,290,10.055538025212238
JFK,17,5615,44.3103516762612
LIH,12,768,8.807211785521627
MCN,8,155,14.402587567971658
MHT,16,1019,15.369669195561013
OAK,7,3152,11.003892936602943
ORF,18,817,13.251537437113166
SDF,17,1160,12.32592049986728
SPI,9,226,12.971349171266175
BUR,21,1296,12.286289276384508
MDT,7,807,15.239977761667888
MYR,8,225,9.669722553331608
AZO,13,354,13.393523854257209
LIH,14,850,8.782799820876603
MBS,15,451,14.542032359043144
OGG,15,1029,9.230876731472785
CLT,6,2698,17.954846257981693
YAK,11,156,11.350233710284268
MHT,5,208,17.59305139556095
PSP,17,391,13.143910040392612
IDA,11,202,12.025363674942955
LGA,22,72,19.14337110367891
SHV,10,75,13.506627599044416
TUS,14,1218,11.158315500631847
CHA,14,237,13.476735400097247
SAT,5,524,12.529903573449957
ILM,5,114,13.90962537305034
TVC,20,72,13.271278080423096
DFW,19,13272,15.93371670878199
ATW,18,205,15.1333109174845
TWF,19,290,10.745281614955827
SIT,6,151,13.687887768258058
DAB,9,14,15.953156402041865
HPN,6,421,14.120268387394956
SBA,7,150,13.474639319331091
ABE,7,224,16.431048857508557
YUM,20,57,15.023311018043138
STT,17,156,13.651014960284268
AVP,7,264,15.485329202837287
LBB,5,102,14.651781335805804
OAJ,16,29,15.05162658785095
BOI,17,768,11.1286403569502
MDW,5,235,13.046745760694844
MLI,9,245,14.233796608210936
SAN,19,3452,12.350410988128596
SMF,7,2523,11.060106683123436
STL,15,2664,11.152192413108818
TUL,7,2276,13.450614406495275
BDL,7,3108,14.883933862167323
CID,19,407,11.951991774818092
ELM,12,175,13.144217563028263
FLL,9,2073,15.232701256250701
IYK,12,250,12.390456656665064
PDX,5,423,13.339693747290196
PSC,16,236,11.885892350692776
SJC,9,2983,12.017729429073231
ABQ,18,2174,11.966429124816523
MLU,16,259,11.202395069172068
PHX,19,8565,14.37907210961717
ACK,15,38,18.05550601328096
DFW,16,13806,16.92209548610907
HNL,7,3087,11.316491945350728
LIH,9,612,7.639971671113445
PDX,18,1507,10.853553098838066
TLH,18,360,11.312303977897331
PWM,12,447,14.430822358012382
SJC,19,1950,10.756907234064768
AZO,16,139,16.7182419658275
BTR,7,269,11.749755636403178
SRQ,14,394,12.614696011807233
BNA,9,3050,11.399574549153261
LGB,6,853,19.832801500349184
CWA,12,10,15.715089362116116
OME,21,259,8.391810110954799
ONT,5,107,16.085313187597936
DHN,9,47,13.929658706345393
EYW,11,35,14.701183924687205
ITO,17,488,9.642278622164579
CLT,18,6179,23.870625868742277
FAI,17,293,11.279032645884918
MLI,10,436,14.003096697449203
MSP,13,8118,19.444105601099142
GEG,18,342,11.956243958897675
LIH,20,777,10.142143477574429
MIA,9,1607,15.621944832942457
MSY,15,1647,12.02613613613782
PBI,16,918,15.357229695317066
TPA,17,4114,14.369639257198095
DCA,8,5382,18.53842755013367
MOD,14,225,12.23279947640853
OGG,11,601,8.465991198049604
PIH,6,269,14.343251571362527
SBA,14,780,11.34393162480997
PVD,6,2736,15.192052126175167
BQN,11,190,13.271240792526802
PVD,16,1230,16.486210398370506
RSW,15,1328,13.651722569910905
MHT,21,411,10.921056418459438
ABE,8,272,13.316289865141862
ILM,10,170,11.695036406788047
AGS,11,117,12.892441612132593
MTJ,13,348,13.226919263019582
CRW,5,21,15.76578371762622
MFE,15,105,12.710535755281818
LBB,12,234,11.097783921655008
GFK,11,123,13.904304169653688
PSP,9,223,14.466439101649451
TEX,13,68,17.75987993948079
GNV,13,12,15.48803419493547
ASE,8,134,17.89598217877253
SCE,16,43,15.298320488341068
KTN,15,14,15.488244121340111
OXR,7,28,15.723904920568536
TUS,22,150,12.67863931933109
ASE,17,181,13.301280533212713
ATL,18,17920,20.736274130401377
BTR,19,147,12.747610647096245
HPN,9,688,18.839669834813165
IND,9,1687,15.80115267478051
LIT,7,1321,12.122209591719052
PIT,6,2901,18.022878983616387
SFO,17,3473,15.079109943977826
SJT,14,206,11.041371992917558
BHM,17,1806,14.542318903375012
DEN,8,15664,17.053454696132505
MSP,8,2117,15.799575926852853
RDU,11,2802,12.530551285262844
SFO,13,7607,20.632757211604094
SMF,8,2853,11.202052092730368
GCC,16,143,14.159093949929105
JAC,12,384,14.383594689737134
MIA,6,2357,16.0096295603715
RDU,21,301,11.520348702824869
SBN,13,271,13.47886746585653
TYS,14,527,14.406156028441425
KOA,15,533,9.623475244601536
BTR,14,540,14.891655984113708
SJU,20,809,14.083234136229674
TRI,12,1,16.36296861220567
ACK,18,7,16.277194671334325
JNU,12,115,16.119348045733826
RFD,13,119,14.4048394056291
GJT,10,95,13.870050409398834
SMX,13,156,13.166639960284268
ALB,21,54,13.523765128784238
DHN,17,63,14.016317974434187
BNA,16,3170,12.865951018297483
FLL,17,3801,20.022471117619272
LEX,18,633,12.816725552295734
LIT,5,270,12.377458999548034
LIT,9,413,11.163079590317295
MAF,15,514,10.150911774971942
PBI,12,1722,15.271492771587692
SFO,9,6415,18.10662468608331
SLC,17,6189,18.313032251523737
STT,14,488,13.256224200395872
TPA,16,3282,12.927161392617615
TRI,10,143,11.68995814745997
DEN,9,6069,14.555302290457574
IAD,7,3324,18.181267473666114
KOA,18,612,9.815533468866255
PIT,18,2634,15.104484209887627
RIC,14,1710,14.577160126979432
SDF,7,1859,14.651179086183141
SEA,13,3773,17.32033561317655
VLD,6,238,10.865857484712345
DCA,13,2189,21.280323210936118
DFW,15,13111,16.96371658692247
LAN,7,515,17.259609479402883
MDW,18,3620,12.66469350264322
PDX,11,3629,10.921335433047137
RDU,16,2855,16.115620923801277
SAN,22,1769,14.936147581504962
TOL,13,237,15.313530652322768
PHL,10,4279,27.34657680516848
AVP,16,327,14.942997259561528
RAP,12,366,11.464935257151872
ROC,19,579,16.43690696588037
SBN,16,274,13.394812379232013
XNA,14,455,12.514702396095085
DRO,9,131,13.405453808799882
FAY,11,264,10.60895557646366
LBB,7,692,10.723055340697947
TUS,12,1341,11.79851480210463
OTH,17,84,14.82967298822159
ACK,19,49,16.40040154250183
DTW,5,69,16.364851064099245
PMD,11,134,15.135298418088771
SBP,12,674,11.118423552755521
PSG,15,108,13.003172258811407
IDA,18,87,13.570373421565629
TRI,18,37,14.216495108268413
ACT,10,30,14.589690998713635
AUS,9,1935,11.62391146429129
BPT,5,219,12.381378776905244
GSP,17,1045,14.501012951819016
JNU,7,565,14.662646360650788
MCO,18,7058,14.80101422601743
MEM,6,1975,15.625860158955554
ONT,19,1558,9.717527038499863
PHL,20,6045,25.795876294521197
RIC,16,1136,14.474643875269233
RNO,13,1559,12.184243417620719
VPS,18,381,12.462910249132584
ASE,11,405,13.349821445213411
CAK,5,269,13.465202790874722
CMH,12,1484,11.816073124894428
MDT,17,519,14.978448836563446
MHT,10,957,12.994001731156834
OGG,20,1344,9.611260269967294
GFK,8,245,12.29176762270369
LAN,15,493,15.825733271218843
LAX,1,184,14.794576865608354
LAX,23,3125,17.06004955963807
BHM,10,1507,12.684293609105646
OAK,14,2863,10.06569687135767
ORF,16,873,14.006844634977156
PHX,13,10508,14.683508656658443
IDA,10,24,15.061772821232037
STX,16,203,12.949372375685718
WRG,18,74,12.750918562257313
ICT,9,591,13.11962348745698
BJI,16,73,14.229247571287702
MFR,6,1021,13.306565414659032
RST,5,181,14.585978042109511
HDN,6,229,18.701093707698398
ABY,11,86,12.772364676520283
KTN,8,189,14.711625708763918
AGS,9,34,14.504924103229646
GRK,19,77,12.964179829563687
FSD,13,537,14.442166137885044
GST,17,83,13.888851529140833
LAS,14,7831,17.22880592987426
MCI,19,2719,10.878914448326631
MDW,12,3672,10.593759233783874
MLU,7,266,11.275026857466592
ONT,7,2174,11.608029828422504
SDF,8,560,14.34190883307996
SLC,19,8029,18.089391048078824
LIH,16,791,8.303770852786501
MDT,9,532,15.613385806697426
MTJ,12,403,14.275665665671516
ABI,7,272,11.396935026432185
ACK,6,66,17.04011945682393
ALB,7,1084,14.182145126547951
LFT,17,223,15.64910164034914
MIA,13,3200,18.991109039343264
ORD,5,588,14.389040450338333
STL,13,3261,13.31587617668336
ATW,11,306,13.036107955253135
BWI,11,3533,10.80585186618023
IAH,18,10311,19.922741314939273
COD,14,31,15.073739159028799
BZN,11,327,14.697095620217267
LBB,8,286,10.234870025473505
MCN,7,157,13.862489610244252
PHX,7,9583,15.345002564270656
LAS,18,6259,14.558367641112246
MAF,18,322,10.340426137044485
MOD,17,361,10.292103752348748
BHM,14,924,13.030917802571068
DRO,8,89,14.918835078480278
LIH,21,741,9.63336483927797
ROC,13,353,16.732140904708107
DSM,5,291,14.508081406221924
PHF,18,116,14.33175847144802
EYW,15,97,12.983044821486155
DLG,17,19,14.845880922964476
ANC,22,450,13.31029059969595
DBQ,13,191,14.394020033789596
DCA,21,2266,15.969425118272516
HRL,14,266,9.24223997222069
IAD,13,1233,17.843705798824285
IND,17,2818,16.520788152787105
MCI,6,3658,13.598100007938472
MLI,6,952,15.07096941999313
PSE,3,197,14.308618955665901
RNO,6,2229,12.693713967296167
SFO,12,7821,19.583974224193
DRO,11,155,13.037881685618716
EWR,6,8922,20.86518065061325
KOA,10,380,10.27429131215161
LGB,12,880,15.590469214115075
MSO,12,341,12.851836348827149
CHS,15,381,16.832972619194955
PMD,10,132,13.666637197555055
PNS,19,92,13.269061613712358
SBN,19,282,15.334188036211447
STL,11,3259,11.937677829661439
ALB,18,924,11.819980302571068
COS,9,363,14.785442397047024
LIT,19,350,10.201466288517272
MCI,9,3009,12.36688962040295
PHL,23,255,15.920168534740204
TVC,14,131,15.297228700574774
COS,18,592,15.048641372590714
MLI,15,265,17.725095424199377
SBP,14,469,11.15230198564635
CWA,7,116,12.803980693670244
HSV,10,497,13.074807085147023
PBI,7,1892,12.45013043666304
PSP,21,205,13.811999442074665
CAE,6,1273,13.843160837460141
TUL,19,333,11.712840253655363
COS,20,123,14.617308653958622
ANC,18,644,12.654112674506417
CIC,18,139,12.199413513944656
SBA,5,59,15.708552388885362
MCN,15,4,16.179421440699738
RAP,10,177,12.717183501201346
TLH,5,13,16.173980794980288
CMH,6,2567,13.408946317897552
DCA,9,3495,17.939821927630813
FWA,16,407,15.685719585468979
ICT,13,316,12.75398997555955
MGM,17,204,12.808091545502542
MKE,7,3398,17.795500237230637
BDL,9,818,13.90921550090716
BDL,21,97,12.5972580194557
DLH,12,255,13.055379802345838
JAN,9,1119,10.642050721766015
MBS,7,261,14.148642187902418
SBN,8,377,15.053794192521536
CAK,12,626,12.682727038337154
CVG,9,9884,18.356436281032927
DAL,14,2840,10.90226524824244
MDT,12,526,14.19594222018015
TPA,18,5124,14.228112524853135
BTV,16,739,17.944767377631436
ELP,11,1051,10.489713144945936
PDX,23,695,12.293911735638709
CAE,8,239,16.751208937559802
LSE,10,260,12.996277305091034
OKC,15,1268,11.409839056895303
PFN,17,261,10.198503683747292
LAN,11,278,13.747777327599927
ORF,21,17,15.774870340451049
FCA,15,137,15.458480294653048
MOB,18,187,14.385574319974818
SUN,21,87,12.260212993758142
GNV,8,92,11.43051994704569
PIH,13,156,13.455702460284268
CVG,22,1,16.40257257260171
GCC,12,2,16.614312057184044
BFL,15,27,15.233541967187186
ASE,15,199,13.97545093589556
CLE,11,3311,14.335285790041857
ELP,7,809,11.0084266554816
GEG,9,683,11.117062362493964
HPN,15,838,19.1723452343633
IAH,19,12642,22.463244375281178
OKC,5,435,15.999364167911727
ORD,6,14189,17.364592331851966
RDU,17,3052,15.981808321647453
RSW,17,1721,14.214530384312342
SAV,7,1055,13.420484701153917
SIT,9,94,13.755978504292642
DCA,17,5408,20.49594405044168
LAS,7,7109,15.199009547764291
LAX,17,7851,13.50140357562983
OAK,15,2582,9.327240801578215
PDX,6,5657,13.597821752619902
BMI,11,579,14.298468085173452
SJU,12,1153,16.152960758046905
SNA,15,2053,11.462916781157814
DAL,9,2721,9.946352296998501
DLG,11,74,12.210688677199842
DSM,19,416,12.326860135334831
MAF,8,222,10.486521210660785
MCO,23,502,13.984484767164076
BUR,7,2354,13.598475888277413
ICT,16,1386,14.00515466341371
IND,6,2369,14.243280611515907
BFL,11,113,13.172111877149167
RIC,8,275,13.588426212887393
RAP,15,313,12.635980217512767
TVC,10,92,17.951353280379024
AZO,12,87,17.54363545365119
BRO,7,120,13.775726499239875
AEX,7,53,16.076208038122697
BOI,23,1,16.43227554289874
ABE,6,1116,15.24067420216511
BFL,12,441,12.112125378618803
DAL,7,3108,9.935679498077548
DAL,8,2716,9.988515564571298
RIC,20,199,18.674447591413955
RNO,23,136,12.621439956918529
SAN,11,5042,15.06838969852835
SBA,12,916,10.897302982118871
STT,15,514,14.475016009499631
TUS,13,1101,12.077984870801643
DAY,15,595,12.914618460191042
ORF,9,1061,12.513918888744852
PSC,13,261,11.87994412696059
DAL,17,2903,10.859693583027896
GRB,12,641,12.551497746063122
IAD,20,1054,17.215476455660983
MEI,6,237,14.429257655290126
BRO,12,236,12.088273303073729
JNU,13,346,14.624797824737158
BTV,7,241,15.614838210653293
EYW,7,203,11.342111649613111
GRB,8,522,14.23096435664433
IPL,7,90,13.761367525435645
ITO,18,543,9.892161477189383
CLE,19,3267,17.20720517666551
LAW,18,206,10.142679182460041
SJT,9,176,10.313984890698451
DRO,7,349,14.63844060096386
OAJ,17,202,11.796886853750904
SJT,18,263,9.585839751605434
BIL,16,355,11.491560065566533
ILM,6,264,12.5485160160241
BUF,13,667,14.908291825075324
DEN,15,13025,15.697955034653924
CWA,17,117,13.814100598307707
SBP,21,52,15.366183091005084
LAW,10,265,9.568931040637732
VLD,17,115,12.556557348059407
SMX,9,154,12.41598358201879
LRD,12,267,10.955476375566137
JFK,5,497,21.68284728615205
KOA,23,102,13.973563514023628
MSO,13,152,13.335951705685606
LFT,12,22,15.448031392071908
TEX,12,63,18.715704477501674
BOI,12,943,10.593154199264404
CEC,9,256,14.852977050092058
DAL,10,2648,10.186921335455885
GEG,15,711,11.495264894984924
GRR,9,850,13.99964192613976
ITO,8,731,9.314873441435346
MKE,14,1507,15.055171020431098
SBP,16,299,11.157042180032011
DAB,10,356,13.431271556650817
HDN,7,76,14.611703578595298
LAX,20,6194,14.10163009689113
PIH,15,116,14.003054767744318
TLH,9,395,10.932646120874288
TUS,16,1024,11.549519421559408
BOS,15,4644,21.215990689256486
CAK,10,495,12.22127702492903
EUG,17,163,10.78577882065693
ISP,6,795,10.624200927187456
SHV,12,458,12.248494318696725
HPN,13,526,14.576133913470883
RDD,6,270,16.509891431980467
CID,18,419,12.3249707703907
CMI,14,117,15.99843239554273
CRP,6,450,11.066654236059586
MOB,11,601,11.744165235139477
MQT,7,246,12.750461935932869
BGM,16,75,15.146627599044415
GJT,11,309,12.881808874896755
ATW,10,151,13.791473425628576
OXR,10,141,13.04838103665051
AEX,14,112,12.51254636713572
EKO,12,131,11.959566362912435
CSG,15,11,15.942881349844798
TOL,18,50,14.057732198885152
ABE,19,2,16.428037547380125
MTJ,8,3,16.40446436730847
BRO,6,35,15.019702443205723
BIS,4,17,16.313331878912585
GSO,8,284,13.816822473522846
BUF,9,684,15.051862027847925
CMH,14,1210,12.389053305215858
JFK,8,9618,32.425464069750234
LAS,10,6940,17.399383498555792
LAS,11,12103,21.219918038993097
LAX,9,10046,16.08433469641561
MYR,19,260,13.796277305091035
SMF,6,4802,12.117637664184572
SNA,9,2008,12.904487585309665
SYR,13,496,19.663858774887203
GPT,12,304,12.729356014437556
IAD,6,3085,16.466455205598987
JAC,7,619,21.055159707695097
JAX,9,1541,12.264265587954158
JFK,15,6234,36.240868302783824
MKE,10,2033,13.762147130723289
RIC,6,2691,15.482859129284405
IAD,9,2690,17.334286677359415
MIA,8,3516,17.5065430945334
ROW,15,149,11.392208151938846
SAN,17,3092,11.810670372754629
TYS,10,322,13.838056468798039
ANC,12,622,13.52999976431132
CAK,14,293,15.027124248938353
CLT,8,3753,19.584650877195113
SRQ,6,268,13.346901711502099
CPR,16,345,11.981258044568028
HLN,16,200,13.308866099442575
JAX,6,3062,13.540689383248822
PHF,5,243,12.057317288142194
LIH,19,160,9.744845499356817
PBI,8,1439,12.0543598634391
YKM,6,232,13.110421174195098
GPT,17,546,13.638792306242683
BWI,21,2774,10.528761249071946
VPS,16,543,13.312068164592183
MGM,9,183,9.959928727324284
CDC,8,1,16.3926715825027
BFL,16,10,15.824180271207023
AVL,12,280,15.15173639429677
BNA,20,1496,10.298659041248605
BOI,16,533,10.675607946023337
BWI,16,3462,12.58384610607321
CMH,9,1362,13.827400704399983
FAI,15,197,12.985386632433578
LGB,21,896,13.954477740795957
MCO,0,128,13.77482381505602
SIT,19,119,13.761003789190742
XNA,6,1406,15.540278771469305
COS,10,610,14.874168774412357
ROA,17,254,14.566835677493708
SAN,15,3448,11.701144258690185
SFO,7,7332,15.971025273120663
ABQ,7,2068,10.805193648446851
BOS,9,6104,19.690467412932428
BTR,10,460,11.401178267558523
MCO,9,5998,12.780364025882712
OGG,22,758,11.106829638499736
OMA,7,2483,14.30726280674904
PHL,7,7168,22.085671413020467
SAT,7,3318,11.681293104105551
KTN,13,269,13.153549674343557
MGM,7,190,18.636758033906112
SAT,13,1384,11.763921718216155
RSW,20,680,13.47776901260612
SAV,18,621,15.733231386730615
ACV,18,203,11.837161154563606
DAY,14,398,12.792489618138097
FAY,7,207,12.3734847877289
LGA,15,5716,32.49736241915969
OMA,8,1464,13.306048484547809
ORF,12,858,11.57584533385467
SMF,23,171,13.260737379456726
BTR,15,515,12.173430617614265
TUL,18,912,11.541165839755704
CHA,11,214,11.049872069531123
ERI,6,254,15.258926072973933
GEG,20,88,12.689679945919004
BRW,20,266,8.449890245444735
LYH,6,248,11.042125947795324
ABY,8,30,15.028152537175174
JAC,16,182,15.087446205080754
ALB,20,155,11.567293450324598
PLN,19,1,16.41247356270072
RDM,18,36,14.526910513476269
BOI,20,407,10.395778757066612
DTW,9,8094,20.475184260414053
FNT,13,460,11.681535410415666
LGA,21,3134,27.148317819985397
PHL,17,5882,24.703386798701565
RDU,14,3153,15.741979658725107
ABY,12,26,14.862379601847401
ATL,7,10424,16.120169121040743
FCA,7,420,14.90319198044764
MDW,19,6028,13.48542099050796
MSP,20,1559,15.640542392907037
SBA,10,336,10.719403279432965
TUL,8,1483,11.580328382711796
BDL,20,286,11.113108367442416
DSM,12,255,14.396224872768373
ELP,21,394,10.786760789135167
ONT,11,1672,10.93885994911556
SDF,11,888,14.127186062583778
SDF,12,1268,13.73074548964384
BNA,6,4364,14.025013402740317
BOI,9,830,10.629741752508359
FAT,12,640,11.402243013287531
FLL,16,3356,20.224727960021056
SBA,11,574,12.263590251977408
SFO,19,3951,16.019417385789378
SBP,11,365,11.870236193188758
ABQ,23,151,14.492668644752083
CHS,5,70,14.71564605783984
DCA,18,3301,19.22542188469061
SWF,13,174,15.356422736615958
ICT,5,99,13.837486582074234
PSP,12,429,13.916181152802972
SGF,15,511,12.192569279595373
AVL,10,63,13.758649262777746
PHX,0,183,15.203744981741247
DHN,11,30,14.489690998713636
TLH,15,51,15.454700859819686
BHM,5,19,15.837477561619938
BQK,17,32,14.648938104793732
TUL,20,142,11.312643924928812
DBQ,8,59,14.136225344860206
STX,15,7,16.305232054511894
BGR,7,23,16.200486421404655
TRI,8,57,18.348151782374348
AMA,15,524,9.7734933170397
ANC,23,629,13.679917462047701
AVL,9,287,15.164495684322409
BNA,18,3460,12.474061749953027
BUR,20,1024,10.606458923338767
GRR,13,770,13.349034287164107
HPN,7,692,16.534924027566632
RIC,12,723,15.721336366746991
CLT,19,6155,19.71729173938174
CVG,7,2988,17.93479916769196
MGM,8,272,13.098547929657991
PHF,8,319,15.352410095066283
TOL,6,302,13.596168730927294
TXK,10,231,11.104712476836172
ELP,14,812,10.734276129202602
FAT,9,615,10.834489272493387
OAK,13,2906,10.66921484691709
FNT,10,3,16.676309027502647
ADQ,8,257,9.22873901913942
DAY,13,485,13.712239025355167
BHM,13,752,12.646314354263819
IDA,6,316,14.87898997555955
ROA,14,324,16.666650542058427
ABE,16,291,14.55155966709149
CLD,17,187,11.803692786873773
ACY,17,6,16.100564432384648
BGR,14,247,21.396714207010874
IPL,16,82,13.778350713366883
CMX,7,131,16.3232027265488
SFO,5,58,16.675062214131472
GJT,14,82,13.564064999081168
OME,12,1,16.37286960230468
AMA,6,276,11.121435717640352
FAT,17,399,11.02737440848251
GNV,6,216,11.059050094407509
ICT,12,594,11.738702924831085
IDA,16,192,12.69746517066018
ISP,19,180,11.280927963688473
RDU,13,1640,13.115321741283203
SJC,12,2896,11.526588728248589
CRP,19,223,10.376655819915705
JNU,20,530,13.237555285448847
KOA,21,666,13.097467140773857
SAV,17,1297,15.89954175363835
SJU,3,120,14.275726499239875
YAK,18,265,9.467561177624034
ASE,12,336,13.985458325304524
JFK,12,4597,27.507911396600548
ONT,16,1941,11.361910744651041
XNA,7,1046,17.03286198065687
YUM,10,280,14.278052183770454
LNK,14,172,15.098014080267546
MCI,11,2979,12.003137326999926
ONT,12,1635,9.338132466762406
BWI,15,4734,13.033028512584355
BZN,17,110,13.669808713489394
DAB,11,141,17.728878961961712
HOU,16,2844,11.517887170459502
MSO,11,304,11.781336212457358
ABI,17,150,11.93463931933109
TVC,8,77,16.065874744817926
ASE,16,250,14.701885228093635
GSO,15,378,14.77962307496396
SFO,0,793,13.157513807203554
GEG,11,685,11.613579401060859
AMA,16,308,10.354558406452874
KOA,17,404,10.086626646493597
ABY,9,12,15.657677052078327
CAK,8,153,15.915651501315306
GNV,16,138,11.683444663162911
CAE,15,100,14.138299149163863
CMI,15,140,16.294415957636552
SJU,21,359,14.705141241465736
EWN,17,36,14.100439925240975
OTZ,15,110,10.931713475394155
CWA,18,106,14.43038752346006
CIC,6,37,16.99751700607863
FSD,20,2,16.47705715522326
BOI,13,1086,12.697015033585812
BOS,6,8657,19.903809504377385
CLT,16,9432,23.235591673293406
DFW,17,13052,17.120868296063925
LAS,9,8708,16.238494531089096
LIH,8,613,8.257587419120298
MCI,13,2252,13.063205709962913
ONT,13,1725,10.415156071141245
ONT,15,1328,8.99976178559718
PHX,22,2525,13.564822792317248
PVD,9,770,12.019149229692843
PVD,15,945,13.045607492662942
RDU,19,3178,15.162190308063689
SBP,8,411,13.94258283724613
TUS,8,1771,12.101902634865192
ANC,16,958,13.68209813783816
CLL,12,238,10.836271685895777
SAT,14,2527,11.776421709110306
AUS,17,3125,13.242065063514039
CHS,14,822,15.731735173354418
IAD,10,1579,15.109386438256566
ORF,10,466,11.541801819492532
RKS,13,144,14.396146843576936
SDF,20,717,13.956743977763493
SLC,13,8016,16.04234349800798
COS,15,803,14.76706514931647
DAL,11,2225,9.790821432186139
HNL,19,2903,11.595291318625632
JAN,15,190,11.757447689078527
CAK,7,439,16.62831137260255
MFE,17,170,11.717258629010269
MSY,9,2004,10.451834519882498
CMI,6,484,12.96859559902872
GEG,16,1095,10.74783249358391
TPA,21,1260,10.746073404288804
FAY,14,55,13.901031160211437
VPS,17,284,13.806405806856178
PIT,16,1363,14.783772952722334
ROW,7,271,11.044905201705587
CRP,18,263,11.310357657941523
MAF,12,174,11.159342444645155
MRY,5,131,14.418440821786895
CVG,5,11,17.267205674169123
BTM,15,87,13.185346683597714
ATL,5,192,16.786506266550592
DAY,8,908,15.488749831183307
DFW,21,8302,14.698364654824182
JNU,18,85,14.538701782879851
MGM,15,112,14.163489763362135
MLU,6,277,11.781591060564384
RDU,10,2786,13.167241798278853
SJC,15,2162,11.045384540155956
XNA,12,708,13.17655919533759
GCC,6,180,16.066642249402758
JFK,20,5565,42.35086669546916
LAS,6,7292,13.754147704252269
TLH,11,225,12.248184091793146
TUL,17,1466,12.863128882396406
TUS,9,1203,11.870038242388928
ASE,10,340,12.912863249619937
BFL,14,713,10.410405694751258
TUS,19,554,11.926085366716778
BWI,12,4199,11.698688027409345
PIT,7,3454,17.873286389936066
ALB,13,688,13.234339885574586
LSE,6,262,13.015634889040808
SJU,7,974,15.039720511948579
LEX,17,474,13.229372525841068
BDL,13,1249,15.933773039164398
FWA,5,27,15.839841179785612
ELP,19,281,11.216954933944285
TOL,15,20,15.097165248606439
FLG,14,51,15.507680992270018
SIT,12,113,13.06413065649189
CWA,13,43,15.123495313515892
LFT,11,76,14.70261266950439
OAJ,14,37,14.355181239655275
DAY,10,916,12.879586446685801
EGE,16,262,14.68966803821208
IND,10,1758,15.34050582875822
OXR,9,87,14.484811924239425
TVC,7,540,18.107280984113707
DSM,10,898,12.321302434702178
LAS,12,7694,20.911811628154062
MAF,16,270,12.212594134683169
MDW,20,3783,11.854148810155234
OMA,12,1047,13.657070470647579
SMF,16,2381,10.299741970912041
TPA,9,3794,12.135249057481452
TYS,17,634,14.773378514758548
ATL,13,18855,17.743849107350716
BUR,6,589,15.922583207304461
CLD,19,200,12.002199432775909
HNL,12,2201,13.526579673982082
PFN,10,135,11.90919076524584
SGF,7,656,14.334206124117426
SLC,16,9202,18.025334318408166
SUN,8,253,15.999036345135334
PIT,9,2509,15.63919502868255
SLC,20,2936,15.493300339207106
CRP,12,201,12.145049268547417
OAK,16,2903,9.658228381562695
ABE,17,456,13.222409765886281
ABI,8,267,13.914604440961233
CRW,18,29,15.11364209172692
GRK,12,482,10.265738539231569
SGU,14,267,10.582179372841342
RST,19,234,13.534909670158003
AUS,15,3005,12.662048254374485
PIA,6,990,13.92629342186493
ACK,8,18,15.607286693498073
ASE,20,118,13.126879953361343
HDN,12,237,18.39661670573523
YUM,16,175,13.624217563028264
AGS,15,37,15.172699487830457
ACK,10,60,17.62912393645483
CMH,7,2903,13.560659283993598
CVG,6,1138,17.273553982094324
DAL,20,1957,9.303189027628962
FAR,18,363,14.379394880848322
ROC,15,504,14.254403691776115
TOL,10,250,14.244742370950778
TYR,12,240,10.819587734802273
ACT,18,224,10.829197005656706
BNA,17,3577,12.35100892842882
DSM,6,1953,15.254583453401253
JFK,22,3028,33.593561326672884
PHX,18,9361,14.45192472569842
SJC,6,4462,15.589140690449971
GPT,11,761,12.431660661826683
HNL,17,3056,11.976761669782247
LAX,22,8109,17.143459596763645
MSY,7,2797,11.574960245023394
ORD,19,16495,21.39232659414479
PBI,19,1066,13.244133644796547
STL,8,4014,12.67128338109693
TUL,16,1425,11.949285134316574
CLD,8,217,11.74656097739045
FLL,11,4828,18.61498779014464
MDW,8,5157,11.66704581126741
DAY,12,775,13.22703980552317
DRO,16,172,13.064925844973429
FAI,22,270,9.726107648196683
JAN,6,1286,12.751558318782665
LEX,13,796,15.294263202938364
BTR,16,584,12.655935423732124
HLN,13,124,12.355624240324877
PHL,9,6224,22.90032571629234
CSG,14,207,12.471204657435742
ELM,18,219,13.36570479571402
MYR,11,383,15.773622836092697
PUB,13,1,16.719404255770026
IPL,10,107,13.210917052332235
MLU,11,74,13.84287258524582
BIS,11,11,16.050989457952905
EVV,9,56,15.241409165594696
FLG,11,58,16.004176138182107
RAP,18,114,13.04981228893819
MGM,12,33,14.358344585208817
ITH,6,42,16.729998801639244
GUC,15,5,16.11104599840736
IYK,6,3,16.25883329934731
MCI,0,1,16.382770592403688
BUR,9,1426,12.772385209588974
IAD,17,8722,25.710344573773835
MDT,6,1142,13.986843663311411
MSN,13,672,16.482719986830016
MSP,6,3725,16.948146360740594
OMA,20,237,10.927773975764904
ORF,13,929,13.084217521703376
ORF,17,1142,13.813735772812217
ABQ,20,1173,9.540973943309327
GSP,16,671,14.562464111326555
MKE,17,1972,15.244526944899988
GTF,16,440,11.22344412931995
HOU,8,2399,9.649723821461695
ORF,11,672,11.827279572322245
PWM,6,1047,16.549834202120987
GPT,15,278,11.141957221779823
JNU,22,265,12.344273506391158
ABQ,10,2474,10.135065978956012
AVP,17,296,15.153181388466598
MFE,7,222,13.623167173393703
PFN,11,506,11.477986517875863
PSP,11,1174,13.452637229068111
VPS,12,258,12.781172709030091
ACT,6,261,13.1154011906725
CVG,11,2196,15.214137556547374
IAH,6,2725,14.317047727374433
PLN,11,75,14.403770456187273
BIL,18,62,14.13370265328872
CID,5,247,16.09412054706851
ORF,14,684,14.207474272745884
LBB,11,482,10.131717920674866
ABI,9,231,11.811661117319554
MYR,5,193,14.988600101818337
PSP,5,132,15.873533749279192
ROA,15,76,14.151476305868027
SGF,19,129,13.531265632457522
CHO,11,100,12.878299149163864
IDA,12,109,13.53425755900848
HDN,10,42,16.159576266427976
MKE,0,2,16.545684606203654
BTR,8,534,11.925330961881345
CHS,7,1009,15.120522840245963
COS,8,1161,16.561189397171113
IND,15,2291,15.136202354593381
JAN,13,473,12.82663146567674
LGA,16,5480,33.568577030435975
MIA,14,3372,18.24298958232511
MSP,17,7570,20.41507950845277
MSY,20,408,9.493424861875537
SAT,8,2923,11.669751845793177
SWF,16,294,16.415380278763383
ATL,20,22635,21.99875345633749
FAT,10,828,10.957607575250833
SJU,10,767,14.452894844097777
STL,9,2918,11.472054284238824
DFW,7,12941,16.115455856899988
RIC,17,1299,19.888248627471604
ANC,13,941,14.894966215017073
DFW,8,13404,15.83720822199591
OTZ,8,246,8.770693149805702
CHA,6,591,11.28604895778983
LEX,11,536,13.263616084642726
TPA,13,3422,13.091044812558993
FLG,15,155,15.304548352285384
SGU,13,234,10.948083322852613
OXR,17,237,11.417388219088346
SJT,7,273,10.59962420866695
AMA,5,163,14.093763611531456
AKN,16,59,12.68339515618096
LNK,15,160,13.010230114741432
PHF,7,525,11.482655727732435
SWF,8,226,15.45601174795329
ALB,19,82,12.41571335072952
EGE,14,245,18.712057477776153
FAR,17,139,14.421170836120387
PIA,17,96,17.181937907310065
LNK,12,120,13.716635590148966
FNT,23,34,14.661640521140095
GRK,11,32,14.55802901388464
AGS,14,229,12.661580029886847
ATL,19,14218,21.049424488743735
DAL,18,2756,9.943858483835005
JNU,1,78,14.166628257487487
MAF,6,570,10.32785049228772
MSY,14,1753,12.059179616747315
PIT,12,2149,14.37423736319821
SJC,18,2331,10.843545795899947
MEM,14,10874,19.228053565685506
MSN,14,1073,14.37993165373638
MSO,6,361,15.12724475017955
PDX,9,889,11.587118129254574
BHM,16,1372,14.69949716700596
BNA,19,2432,10.888096299302044
ELM,15,271,13.179676091193457
LAX,6,11011,16.943988824573193
MGM,6,574,14.343708946339426
OMA,16,1145,13.462377373359658
RAP,6,628,15.109422843176887
SWF,7,398,13.742288814925246
MLI,16,855,12.704355842756831
RAP,14,98,13.907372877943295
LAS,8,6976,14.38463253672029
GRR,14,1018,16.26355977623683
MOB,9,309,11.453936014261057
ABY,13,47,13.963672311787569
CPR,10,250,12.00474237095078
SAN,23,22,16.029998605186663
WRG,16,109,12.620381960922357
EGE,19,46,14.805889245429949
STT,12,37,15.88072868491075
LYH,15,9,16.006053484704335
GSO,14,419,17.960808920679717
GRB,5,111,15.614501563188496
ABQ,16,2410,11.135322641367638
BHM,11,1469,12.53706808784753
CLT,10,1096,20.901889489826733
DAB,15,283,14.202767179720032
EWR,16,6242,29.548196125801443
MEI,14,216,12.486265284280925
MSN,7,810,16.29742838443162
OAK,23,237,14.182966854103183
SNA,14,2622,12.45395291323761
CAE,14,742,13.639738515240824
CAK,6,1289,16.527472879649224
DTW,11,3983,16.873294104783927
IAH,16,6556,19.80583831578016
ISP,11,315,11.016047782729572
LFT,16,248,14.622585717910265
SGF,16,488,13.841258214001314
SJC,14,2364,10.945478827042521
SMF,10,2553,10.738281126962976
TLH,12,362,11.544718246391282
DAY,7,1160,15.268777642724423
DCA,5,212,14.107884069976835
DCA,10,4723,16.525328598348075
HNL,13,4592,14.55001275145626
AMA,13,534,10.4032489429539
BTR,5,448,12.683685820862724
FAR,15,175,13.409672108482809
SMF,0,391,12.074663604547398
ATW,5,148,13.502660604164406
HRL,7,12,15.639819909221185
PNS,8,246,10.631964826106278
COS,22,98,15.139696110266529
BGR,8,268,18.569727798458622
CLD,12,229,11.25732471073791
CMI,7,263,14.580330109732156
CLT,21,1422,14.22250974364834
XNA,13,180,14.409499392259903
FAY,13,214,11.451145954881442
EUG,14,261,11.004597866572777
ACY,16,45,14.942481585053605
BZN,8,124,17.16365995461059
GTF,15,5,16.187236474597835
CMH,22,1,16.33326564190864
BMI,16,135,17.083658850352222
CLT,12,2119,18.683938634444694
CMI,8,259,15.703787826832237
DCA,19,3815,19.287780288590746
DLH,17,218,13.115282483750857
FAT,18,796,9.423727488652649
FLL,5,245,12.97872414444282
FLL,19,2608,17.272769508800877
FNT,5,438,13.670371430915933
LGA,13,5390,27.847114723102507
MDW,6,4731,10.809699819878446
SCC,9,265,8.530574876254171
TLH,6,433,11.815496866477998
BNA,11,1960,12.887698946520764
JAN,11,1019,10.572528891718296
LAX,7,9928,14.765023916018425
LSE,14,228,15.654450700709672
SAN,12,5418,14.112660353358603
SIT,14,91,14.2076430881297
CHS,13,380,18.538874645484945
CVG,17,2035,16.178295002263596
FAT,6,1512,12.0655458001444
HPN,17,264,22.963351180859267
MIA,21,3586,17.165398760128262
RIC,10,1032,13.067720697732133
SAT,12,2147,12.229488130766699
SGF,10,295,15.199138809703221
SHV,8,553,10.079111531137476
BIL,7,411,13.382895948792118
DFW,13,15943,16.899561168723604
HSV,19,351,13.520310043975106
MSN,8,390,14.038081285373005
LIT,6,1224,12.625876004405418
ABI,5,268,11.727336494110796
BGR,5,184,15.910774048706946
AKN,12,21,14.815370494485725
SGF,9,63,15.096072575661182
AEX,5,9,16.354677337915344
EKO,5,262,14.742154226057384
IPL,23,21,15.07983330440308
GRB,20,51,13.66662138962101
FAI,14,114,13.38158798987277
AEX,17,52,15.004340985741925
EKO,18,270,12.131513053602088
CLT,14,7772,20.09256349464339
DEN,13,9767,14.850578679419556
FLG,16,191,14.854501133445954
GPT,16,1026,11.562752957222711
ICT,8,285,15.54457098657863
MAF,17,458,10.278960268517514
SNA,13,2514,13.220221817074512
BMI,17,509,15.687454564585835
ISP,21,139,12.237070417710346
ITO,13,245,10.170028492268907
RNO,14,1168,11.440583462013228
SMF,11,2674,10.52150678797144
SUN,12,110,12.841237284917964
TYS,16,568,12.511466811126907
CPR,9,141,14.1770117420447
LGA,17,5730,33.24127955914798
OGG,6,678,8.398020346828757
GTF,6,404,11.217579027445977
MIA,17,2161,19.64690837232763
HOU,17,2450,10.304180325424618
LIT,17,930,12.00064061148813
MGM,16,385,14.279710989345922
TYS,12,324,13.612405259039559
BIS,16,316,12.213124590944165
MQT,9,230,14.217150999493251
MSN,6,1683,14.939237145167008
FWA,14,224,11.22117231429868
GUC,9,181,13.109109714707376
MTJ,9,93,13.806527615713847
LMT,17,50,14.544398865551818
BWI,14,5551,13.04258712260357
MKG,22,56,13.042691216876747
MLI,7,174,13.823576021287492
MDT,10,197,14.439932086979033
OXR,12,206,12.505424280499257
VPS,15,179,13.256845268217823
CID,9,381,12.741496527718862
ELM,9,51,16.51430350882631
CRP,7,30,14.528152537175174
BIS,18,67,13.872214549896842
HSV,21,1,16.422374552799727
AUS,5,587,13.654526680979291
ELP,17,1101,10.44517887579748
FNT,6,991,16.4588999356854
FNT,12,580,12.683323279165844
ISP,18,518,10.02210328451905
JFK,21,2907,39.357053485145585
LEX,5,204,14.495591545502542
MEM,18,6095,18.003173499569456
MLI,17,342,15.049004139893151
MSP,18,6867,18.380315749940113
PHF,11,291,11.2599995647897
SNA,19,2070,10.766663516051969
VPS,11,706,13.252679689618827
LNK,13,195,11.283592643500924
MHT,6,2281,15.657983968850388
MSP,10,8899,19.772047986424354
SMF,21,1593,9.125020572848655
CHS,6,1674,14.731488066422083
FAT,5,753,12.652590656310403
JAN,17,973,11.714501239359528
MIA,20,2723,16.82984761949443
AUS,7,4075,12.989619120918029
BGR,10,84,15.07967298822159
GEG,7,1634,14.393690789984298
RSW,18,1450,13.013328922472757
SEA,14,4446,16.226278009202105
HRL,13,249,10.451747363417686
FAR,16,210,13.895676870428298
SJU,8,701,14.87972513087737
EWR,18,5681,39.10839990137221
JAN,19,455,9.54893663032932
JNU,8,129,14.330392270012107
MFE,12,225,12.608184091793147
MRY,7,216,11.587531107065736
TYR,14,145,12.231264611562338
YUM,8,121,16.745067103315712
BMI,15,81,17.230164805705925
OME,14,2,16.388821861105615
BIS,10,73,14.622311155102732
GUC,7,2,16.771174802282086
LAN,16,28,15.770779920568536
ABE,12,570,14.986059447511602
ANC,7,966,13.885234361944441
EWR,15,7767,28.365153149845273
FNT,17,537,11.754568021715498
ITO,16,366,10.947767875177624
JAX,11,1390,14.237355590491795
LAX,21,6158,14.711834424709615
LIT,14,667,10.906988044110527
MYR,13,300,16.44414957458193
PDX,21,994,10.98506382982886
PSP,16,802,13.58942331467048
SMF,18,2231,9.658369725367985
SNA,18,1523,10.771817516840896
SYR,19,410,13.818940842809358
TVC,15,428,15.965264829228738
CLE,8,4502,16.463854808742454
DSM,16,1356,13.604848784225807
GRR,8,682,16.5801276596327
IAH,23,173,14.064688021365468
PSC,10,215,12.357650253437374
SAN,14,3575,12.418138729206197
SFO,18,4871,15.535437503486778
SJC,17,2063,10.957309213977242
DTW,15,12369,20.515651602360474
GJT,19,159,14.933049536033872
GPT,14,541,11.352043416275777
HPN,19,300,16.481649574581933
BUF,8,1348,12.643411484691143
CLE,12,4376,13.899834635798207
LAS,21,5380,13.48150726821766
SAN,20,2938,11.775069068411051
DRO,19,155,14.05356796012852
SBP,6,879,12.395975311371577
BNA,5,101,15.391342436978968
TUS,23,251,12.72552658072015
ONT,21,1305,9.423957174258202
GSP,11,475,13.275930138839605
XNA,15,741,12.864042603843965
KOA,6,527,9.95161057389597
PLN,15,74,13.98655074616536
BPT,7,23,15.192356340103842
BQN,3,176,13.187173296495553
JAC,11,185,15.63038536783429
PFN,18,43,14.17943936945995
GSP,5,334,15.699677027264453
MTJ,15,33,14.779397216787764
IPL,14,5,16.177712665074026
SRQ,9,75,13.849484741901557
SRQ,20,84,15.6938034230042
SIT,18,148,13.849434797712792
HRL,8,119,11.601186437592569
RST,6,144,17.019097663249067
AZO,10,6,16.02509273427144
SBN,11,11,15.933872340835789
AMA,17,213,10.81360967997691
BUF,20,324,12.251556202435784
BWI,7,5822,12.882752419762372
DAL,5,145,14.647591142174582
FLG,13,185,14.679508174851835
FNT,8,365,15.033677053403812
GRB,11,191,15.287490824167604
LAX,8,13106,15.732822946375341
LAX,14,8965,14.675748464405158
LFT,13,217,14.03047264931474
MDT,11,124,13.953838526039164
MEM,13,6128,16.787196504468973
MFE,5,238,12.783017248025955
SAT,17,2236,12.246001639483207
HRL,12,252,9.666647243843103
LAW,6,358,13.331134999634875
PDX,22,712,13.456477622946766
PNS,7,298,13.592110125207972
RNO,8,733,12.154453577230221
RNO,17,952,10.870399077787807
CWA,16,247,14.563861181074273
JAX,7,1895,12.837423473600388
MKE,19,2426,14.53232772360759
OAK,5,70,15.19799899901631
ONT,14,1374,10.419714945612466
PHF,17,319,14.793937541366999
EVV,6,794,13.567852158649634
IND,13,1656,16.13192473225101
OAK,10,3110,9.941638576271892
FAT,7,763,11.996129582656748
LCH,5,262,14.797402844841914
LIH,17,487,8.341839573820737
RST,7,149,13.870119798525192
SMX,10,70,13.556822528428075
MTJ,6,236,15.582320922121347
AVL,15,193,15.971535255401955
SRQ,15,294,14.13365439043851
HLN,12,118,12.503026742352167
RDM,16,115,12.99376665038499
MYR,16,88,15.35457356294028
MRY,11,30,15.320460229482867
GSO,9,490,15.645186152258939
BUF,5,317,15.521966018783628
CRP,16,355,12.12892270292917
ITO,15,187,11.009267699765758
LIT,10,849,10.609757460308508
MCO,10,7111,12.720657305482288
MYR,14,440,13.59381449969032
OGG,14,1746,9.415308683549714
SGF,6,1732,15.045119994450204
SMX,6,263,13.516969228189456
SUN,7,252,11.973465425661287
ATW,7,450,16.048472417877772
SHV,13,254,9.96231590348241
TVC,13,133,14.316136608724346
IAD,14,3226,20.957805120214303
LEX,7,746,15.123711382781057
ORF,5,272,12.894246854389174
TLH,19,137,12.239071011952626
XNA,9,802,14.612704911122808
PFN,14,197,11.800201447248392
SJC,11,2395,10.513691314562234
TVC,18,89,13.76010491975012
EVV,10,449,11.099562531571534
FWA,9,254,16.024462796137776
GTR,12,150,12.314639319331091
RNO,12,1348,10.815372810657992
SMX,19,84,13.269890379525938
TWF,6,270,11.477458999548034
COS,12,1096,14.750551697184592
CPR,11,72,13.393371103678911
PLN,6,99,16.515878541873228
SWF,17,324,13.018065636398049
GRK,13,29,15.284184727385835
FCA,17,132,13.54594754238264
IPL,22,133,11.758196694561256
RFD,6,129,20.186287466518657
LYH,7,16,15.221205429592867
FSM,12,69,15.595620294868477
SUX,6,34,15.266118133080393
HPN,22,1,16.382770592403688
BDL,19,1358,12.870822928554714
BQK,6,256,11.038370308519024
CHA,18,180,17.080927963688474
CVG,19,9088,18.856515001070175
FSD,19,246,12.484565982175644
LGB,16,1169,14.297604278828032
MDW,16,3741,12.758568036926002
SFO,21,3288,15.928175864767642
SMF,22,165,13.817584263519898
ANC,6,1022,12.531782379530101
BDL,14,1160,17.691793515740297
GEG,5,454,14.587833627856991
GGG,6,239,12.586017197146822
JFK,10,2766,25.632470282565517
LAS,20,4745,12.021395217715742
MDW,10,3852,10.905784369896956
PSC,5,209,13.468154789102824
RSW,16,1500,14.009162393645484
SAT,21,446,9.873003351342074
CRP,14,349,11.48476576800172
PHL,12,3463,15.984468097062244
SLC,18,1171,11.26959860726418
MDT,15,167,14.103594868287537
ORD,12,11715,18.51194750993083
SMF,17,2126,10.185831010706547
EGE,9,260,13.421277305091035
GRR,7,1141,16.499322989389825
MSY,5,240,13.007823028919919
OMA,6,1910,14.091870562105857
LAS,16,8761,19.338072433115084
MSP,5,701,17.486466703911077
JFK,11,3621,26.80238103462316
BOI,19,702,10.374887568370042
IAH,5,316,14.448701514021089
MRY,14,284,12.322030806856178
SDF,5,69,16.228756389543033
SPI,6,136,15.684999278952427
HDN,17,61,17.364346769147655
TVC,16,15,15.440520259415415
MOD,11,37,15.114305327246516
CLL,14,58,13.611771074890965
GRK,16,243,17.18851262341916
BUR,19,1403,11.280545462297255
GPT,18,432,12.662894416978896
HOU,22,222,10.175962204449604
IAD,11,1362,15.20564967840819
JFK,6,4359,23.535694063653906
SBN,6,614,15.227814887720971
SMF,5,239,12.892801857913783
XNA,8,634,14.187547452088248
BMI,6,983,16.245299935210316
JAN,12,273,12.449490160409578
RDU,12,3310,13.908404642179699
STL,18,3124,12.211743123397262
CLE,10,1197,15.848619760857959
CLL,6,184,12.843872640256242
FLG,19,140,13.68608262430322
DAL,13,2370,10.27273677321165
FSD,6,544,15.077111537007413
OGG,16,974,8.884227029639455
ROC,12,652,17.740239135415923
RSW,13,2092,13.846103936967506
DLH,7,238,14.146922573469741
EVV,18,266,15.441693524133258
MHT,14,865,12.837989460966604
ASE,19,165,13.572301244651973
CRP,13,314,12.344588960948727
MIA,19,2750,17.956722747309744
OKC,12,1055,12.056848337517552
YUM,15,256,13.445673679305541
SHV,16,845,11.454666486595528
WYS,11,116,12.34564736033691
DAY,9,509,13.436223037492237
SBP,17,47,14.052107685937228
LEX,8,23,15.26552707181116
PMD,6,218,14.879433427147085
HLN,14,115,13.417022464338478
LNK,17,254,13.863445846985233
TPA,22,59,13.507294527250142
PHX,2,6,16.194904055026157
IPL,12,156,12.592421210284268
CHO,6,167,12.762770898250086
ADK,17,19,14.94672125909893
STT,18,18,15.751354490108243
SJC,23,1,16.43227554289874
MKE,1,1,16.43227554289874
GSO,10,317,13.814531966025834
ACT,12,149,12.271726224228003
AUS,10,1680,12.622842601029648
DFW,14,13302,16.346191600494908
FCA,14,416,14.152441530683667
ITO,11,335,9.622206505362696
LGB,10,923,15.515796510100463
MCI,18,3476,11.756336641452117
PVD,7,1567,12.48509887812404
ROA,7,104,17.640489361925358
ROA,19,72,14.86430133623705
DCA,7,4072,18.113293343679956
EVV,11,486,12.170067968997905
JAN,18,304,10.959554034239536
MKE,12,1260,13.577691051347628
MLB,13,259,13.428021810119144
PBI,15,1243,14.857527795854635
TUL,5,109,14.481625980061112
TYS,7,1330,15.814447433449493
ELP,18,1197,10.976607424697589
KTN,7,76,14.594658124049845
LAW,8,146,11.604308251352734
GJT,9,212,12.931602018694784
MCI,16,2352,11.206223421628374
DCA,16,3538,19.01832320776052
FAI,21,152,13.915316785050685
HSV,14,418,13.439497740989909
RDU,6,4974,14.48731963536318
MDW,7,4327,11.545439311008082
MSO,17,120,12.693908317421693
SEA,7,6845,17.0617220777297
BMI,18,265,13.667561177624034
GJT,15,237,12.274954984666982
CLD,6,274,13.993742860515434
MQT,6,227,13.261956666155267
FAI,8,219,12.9205637298833
RST,8,261,11.558614487071392
FLG,17,56,16.773460447645977
MLB,15,86,15.008923816305229
CHS,20,122,17.327296530778256
EWN,6,160,12.202537807049126
IPL,17,52,14.425393617320873
CID,23,1,16.461978513195767
ABQ,6,2725,11.512091975162043
BTV,9,163,14.759162851075182
GSP,7,842,15.507069883049654
HPN,12,479,19.09958519832949
LAS,17,7306,16.28688358490856
MEM,15,1244,16.74453856386367
MHT,18,506,11.342672986522727
PSC,12,106,13.202232183654235
RIC,18,1413,15.429385214694497
XNA,16,417,15.498374912635924
DTW,10,9666,19.527407314134013
IND,19,1628,14.347025364486559
LAX,12,10897,16.086174395729085
LIH,15,428,8.275870889834797
MDT,8,126,13.883450574481294
MSY,8,2360,10.235227573102753
SFO,6,6229,17.34755250905874
SYR,6,1670,16.400937756967668
PHL,5,503,13.18351547235949
ABQ,13,2533,11.168499745473898
HSV,6,1062,15.23808935441719
BUR,16,2036,12.262949358535943
FNT,18,561,12.793736505042018
SBP,15,229,11.436656017728792
SLE,12,136,12.680761990816833
SAT,19,833,9.873161661128375
GRK,6,438,11.39527849411296
GRB,17,217,14.957917444267421
MEM,5,90,15.113999104383014
MDT,20,79,15.121004635937277
LMT,18,32,14.353483559339187
PWM,16,272,14.999085564066593
CHS,16,337,17.285262768496047
CIC,17,92,13.03989494704569
DBQ,12,59,14.431822829136935
PSC,8,5,16.13009361745498
BRO,15,5,16.30152218888355
BUF,21,64,13.900364816053491
BOI,11,1095,11.490091907809852
BTR,9,417,11.97032849097248
ELP,13,1033,11.422471164900948
MDW,9,4672,11.800641204910471
MKE,11,2199,13.675363127373977
ROC,7,1118,14.943070467843
RSW,6,1038,11.360861010397867
XNA,17,1128,16.743208330482716
YUM,18,198,15.461945737693869
ABQ,19,2095,10.09096119810149
AEX,12,186,12.26454485955515
FSM,11,308,12.837401543707776
GPT,10,670,10.77488289588672
HNL,14,2217,13.179827289526445
KTN,12,92,14.128436613712358
LRD,10,186,12.348460943471233
MBS,9,192,15.793355581619084
OGG,18,733,8.55181252080765
RNO,19,1008,12.516841001654127
AEX,10,235,11.51838755173962
CEC,18,192,13.512533663810865
ELP,12,1433,11.038264729179891
LAX,13,11080,17.045050074224754
LEX,15,228,13.97762143241699
LGA,11,5418,31.752566116316196
MSY,12,1717,10.81599330205436
PHX,11,8859,15.879078003106681
DCA,15,4449,18.7361309803985
PFN,6,490,12.063830220055547
SAV,10,414,12.90789850162018
LBB,14,177,11.110685306255498
MAF,13,167,11.935055542444841
DFW,22,2693,13.730991704200779
AMA,9,491,9.556108003101139
HOU,5,486,11.789521893912582
MSO,8,87,15.50085470498809
OKC,20,255,10.097633323472598
CLD,20,43,14.38223657225715
OTH,7,55,15.84941825698563
GEG,19,394,12.721983461199944
RAP,17,145,13.655754407480705
PWM,10,198,16.27402627460662
VLD,16,118,11.837889127673268
SWF,18,14,15.514559910813794
IYK,20,183,14.603038267960327
AUS,18,2188,11.830270904647191
BUF,15,1164,13.865237207146182
BUR,12,1525,11.629329126050937
CLE,9,3839,16.052465049462498
FAR,5,68,15.932498987099837
FLL,20,2109,16.74362147117826
IDA,13,346,11.788474954782002
IND,16,1625,15.471107147729144
LGA,12,4359,27.628988524295305
OAK,22,406,15.173240770420499
SDF,9,746,12.734822493892167
SWF,6,893,16.200060251593932
GRR,12,266,12.70672084653763
LIT,13,645,12.853234670916475
MSN,5,180,16.409499392259903
SUN,13,257,11.102688598971351
DAY,11,418,14.545675347167515
HSV,12,454,15.120324602586233
TVC,11,334,13.480783018047862
GSO,22,2,16.39862578267424
HPN,14,730,22.286337144376837
IAH,21,8216,17.658569003106393
LGA,18,5711,32.691560803619474
LGB,7,1097,15.221938036618859
OKC,6,1937,13.759283176157474
GRK,8,152,11.645475515209416
PIA,15,368,14.341153482548659
SGU,17,269,11.02617840063082
SFO,11,7240,20.73673839643498
PIH,19,269,11.356801706863882
ROA,8,132,16.145085473417122
MSO,14,216,13.302720980483457
FAT,20,10,15.996907543934297
SGF,14,125,17.211821465923435
CMX,6,36,15.571028160535093
ANC,15,1138,15.169353658992547
BHM,8,1115,12.672148008092817
GRB,6,848,14.34141332260841
GSP,15,350,16.394799621850606
HNL,15,3013,12.709495608683833
MHT,15,445,11.459926293271142
ORD,13,19789,20.085457279392266
SEA,10,4315,17.019401999962124
TPA,20,2348,11.626086531794433
FNT,7,1017,14.564601459116181
FSD,10,398,15.101726565929262
MEM,9,11305,19.42083821392659
MFE,10,269,12.763305771904532
PHF,13,193,13.463002832193764
SAN,6,6706,20.422812199505255
SBA,6,2019,12.716687036258978
ASE,14,255,13.872281210796542
BFL,21,100,14.728299149163863
MTJ,19,67,14.997963052890855
ROA,6,566,16.062552297046206
SAT,6,3720,12.17635074079392
BGR,13,225,20.358953322562378
GGG,10,256,10.493426488294306
HOU,9,3016,9.818247698919375
LGB,9,561,14.438214568582108
ALB,11,89,14.966454126099325
EVV,17,389,14.653701083502602
MSN,16,698,16.21761883437691
MCI,14,3123,11.982829609007997
RIC,11,690,14.519822569408575
ROA,9,125,15.491821465923435
LAX,0,1371,17.30160423510046
MFR,18,230,10.880787363129613
GSP,10,695,12.388251358280218
AEX,15,146,11.466096869238912
HLN,6,91,13.89874256456949
ANC,10,264,14.312252279760365
CSG,10,116,12.34101773070728
AMA,14,185,10.774245016957098
BQK,15,29,14.87333201420754
FAI,11,146,14.153088739157612
CAK,17,113,15.256618919402689
BQN,6,67,14.27341215468726
BUR,13,1600,12.45038813519575
CLE,6,2880,16.76028853350093
ICT,11,436,12.411678787001442
MAF,9,668,9.597213320094756
MAF,11,502,9.741959850220553
MCI,7,3779,13.680500085030362
ORD,16,16308,20.6605107161039
SBN,18,139,17.078074601810766
ANC,1,974,14.296703752172043
BZN,15,185,14.135648525729026
EKO,14,270,14.428810350899386
GRB,16,570,12.354716163929513
LGA,10,6428,31.919218723932715
MCO,13,6693,15.29083760191856
PSG,11,263,10.335151046371275
RDM,11,271,10.586684177446827
SAN,16,5073,12.516269056607921
SGU,6,409,12.437445638178335
SJU,9,1040,13.702333184063836
TPA,7,5516,13.059234300183899
ACK,12,93,17.73398875561022
AUS,21,396,11.241249656920912
COD,7,289,14.212493135816896
FAT,14,693,12.511550857292274
GPT,7,528,11.287674888268747
MLI,11,565,12.603999744109434
MLU,5,242,11.814794824072434
STT,16,582,12.335278342863305
TLH,13,289,12.02226177334903
BIL,10,270,12.609891431980467
STL,16,3110,13.16469153577345
BHM,18,1164,13.059066321070231
MFR,16,227,11.586115687561996
ATL,11,16871,21.069451407096388
CIC,15,31,14.577555952921928
DAY,16,489,16.55290293689775
GSO,19,311,16.249780607865628
SEA,5,552,14.583834094835542
BUF,12,1421,14.596094562677695
SNA,10,2386,12.289485048203046
YUM,13,277,12.243129522102846
GRK,9,236,10.838273303073729
TXK,13,145,11.643509509521522
ABQ,14,1849,11.63758841961661
DAL,21,1294,9.608794712935993
EYW,12,256,11.411965814137002
SGU,7,370,12.646084744325048
HRL,20,263,9.351679971991109
MLU,12,101,13.247063830013794
SBP,22,72,14.794533894376585
BQN,9,50,15.477732198885152
DSM,21,1,16.41247356270072
CRP,11,381,10.352723138945473
DFW,18,13443,16.97738018384647
ELP,10,775,11.96303980552317
GNV,15,145,12.112897264623562
MLI,18,678,14.130668161738784
MSP,9,7407,18.57062206338521
PIA,16,245,14.448289361834124
PIT,8,1704,15.54360300988513
SYR,11,296,14.721363206648416
CID,11,671,13.734967353868708
JAC,10,216,14.448290600736621
LAX,16,10438,14.341873204577032
MCO,19,6303,14.449579857853003
MEM,11,843,16.87662760321609
PHL,21,1019,26.2713671401544
PIT,14,1963,15.179670300452145
IND,18,2430,16.757177798352874
LFT,5,209,14.238381326319653
LGA,9,5615,34.67238142254291
MYR,17,252,10.703579062024922
OKC,21,169,12.71620754584674
PNS,11,812,12.512784901132427
XNA,11,967,13.83192111511975
HSV,13,584,15.028742441275984
LCH,6,258,14.789552597298247
BRW,11,264,8.023790741298827
BUR,15,1464,11.76384899605676
GTF,14,71,14.15005748440218
FNT,19,248,12.63407997078383
GSO,18,527,17.5337477349805
MIA,10,1688,15.830346660980299
GSO,16,934,17.485164245486242
SYR,15,151,16.233704501325786
VPS,7,269,13.042438563232446
PIA,14,305,16.897925505759932
FNT,16,70,14.239175469604545
BOI,21,55,13.494579547308211
EGE,15,115,16.71469688294313
SPI,13,13,16.12973300736967
GRB,15,72,13.660812964144027
MFE,8,24,15.723063143812682
ANC,9,845,16.07371410564315
BUR,8,1893,11.818695348636615
ROA,12,414,14.758093054149363
SAT,16,3222,13.03451530097314
SAT,20,998,8.792039917880485
SLC,5,607,17.44789226284692
AGS,6,247,11.875100374157846
BGR,17,149,14.97855353346495
BHM,19,585,9.650598291726675
BOS,10,4405,16.815240805734245
CID,7,460,15.747606838987096
GTR,6,220,12.055186968227414
ICT,15,572,12.401279508679723
MDW,21,3219,10.66756849347176
AMA,19,239,10.146489173548002
FLL,18,3438,18.460050828104233
INL,7,71,14.190993156916798
MCO,15,6390,15.296249588572076
DEN,14,10770,15.376877629239445
LBB,15,518,9.601391310409017
AUS,19,1551,11.028867250050135
HLN,8,247,16.748299221420094
SBA,9,732,11.310889218549006
LFT,15,379,14.621419268961947
SHV,19,224,9.483517993311027
MKE,21,1301,13.57363299773931
AGS,17,112,13.35688598977723
DAB,14,166,13.961127179822453
ILM,19,53,15.533724377991978
BUF,18,1315,13.776438042284646
DEN,20,8631,15.421791298801141
FSM,10,267,10.086266566301832
ICT,6,1539,13.001012708866854
LNK,18,242,13.735847455651381
MCI,21,884,9.599247794545501
MKE,16,2379,16.325800657455737
PHX,10,13420,20.002563596881124
SHV,11,530,11.089936237829798
TPA,10,3714,12.060739336610586
BOI,10,930,11.868601776536673
CHS,18,794,17.44369108482413
CIC,14,229,11.713251762409643
CMH,18,1630,12.940843832273279
LIT,11,730,12.018867264858763
SDF,10,1279,11.859071667754005
CMH,20,467,11.854779241327641
FSD,11,210,13.047289773654105
HOU,15,2742,10.877431326471772
MKE,9,1183,14.218752790204812
SBP,19,359,11.147407036672707
AUS,14,2540,11.755931753724536
BUR,14,1259,12.129256681260319
GNV,12,266,11.837868387521237
SUN,17,189,11.334463079006134
LIT,12,631,11.699945047650854
MCO,11,8524,14.693142373589144
PHX,12,9107,14.325584862586375
TYS,5,275,14.449759546220728
HNL,20,1908,13.2443525048968
SLC,14,5380,15.42585033391109
AEX,16,176,14.567608079104248
PIA,5,56,15.446537370722902
ABY,15,13,16.191679910024536
SYR,5,111,16.68559161058186
RIC,19,87,14.249517806592367
SUX,16,71,13.816724151068845
BRO,13,12,15.87196276636404
AZO,19,314,17.296279782204763
ILM,11,178,13.45201377637688
ATW,9,362,12.293635995309032
DCA,20,2165,19.815302353127052
GSP,14,819,13.343481860536206
HHH,7,163,13.702128630542862
LIT,8,724,11.940121152709677
MYR,6,399,11.021362384434415
OGG,17,502,8.90973393659929
SEA,23,2741,14.42613862366518
SGU,16,267,12.80833741098848
SJC,20,2678,11.228459261998838
ATL,10,19194,24.038232602354764
BIL,12,232,12.980903101905941
LAN,6,202,13.80682062858534
LGA,19,4721,33.457925706250315
MCO,16,5191,14.92735963519803
SJU,13,1590,17.462520609368504
JAC,8,448,18.512152974147398
LGB,11,1145,14.763582192636767
MOD,12,205,11.556261737156632
SRQ,8,237,11.945578130067574
CPR,6,511,15.217119197762313
LYH,16,143,12.303126871739805
RSW,19,895,12.632823949580677
DRO,18,266,12.865190791892822
MFE,14,168,11.759924738181988
ADQ,16,150,10.246639319331091
GRK,15,231,10.633413383180581
BZN,13,408,16.219802814631443
SBP,7,124,12.538659954610592
MRY,19,219,10.911159341168567
SBN,17,208,12.729415031924587
LAN,13,265,17.188109122829513
DHN,13,205,11.674294524041878
FAI,18,113,12.204975726914425
GUC,8,80,22.659221276848736
CHA,12,65,14.179756544441046
ABQ,15,1570,10.440514868163337
ASE,7,685,15.627592139914361
CLT,7,6709,18.578595950922715
GSO,6,1667,15.064323616204172
PVD,19,867,11.855904684418586
SEA,0,481,15.152598674410969
TPA,14,3353,13.367987208176302
ALB,10,734,11.957625695243134
FAR,14,127,14.461056519087103
PBI,13,1790,15.311460227424748
SLC,15,5442,16.320941867526663
BOI,6,1052,11.888593602285393
BZN,18,61,14.178011365420948
ELM,6,192,17.194040513125934
HSV,7,761,15.12852477332494
MRY,13,599,10.587496180018272
SLC,11,12696,19.599301330871583
BTV,18,55,18.088127934404984
EWR,8,8912,34.30932754436671
JNU,6,195,13.99884688078906
MCO,17,6759,16.13830876655967
OAK,11,2683,9.775299974787199
SPS,11,233,12.140119609107426
EWR,14,6730,22.93713906732544
FNT,15,537,11.358963626111104
PVD,14,821,15.719500358124618
ERI,10,263,14.927437547748685
HSV,8,250,15.090456656665065
OXR,5,237,14.254183471313866
BQK,11,209,12.50051724864975
MFR,8,66,12.865420661643208
SAV,5,179,15.27835064456191
LWS,6,269,12.020758346430279
SBN,10,229,13.62814537943092
PWM,9,61,14.780495837470637
PSC,7,35,15.212295035798316
HDN,15,194,16.00224431915909
MCN,9,67,13.530897184627381
SPI,8,75,15.912341884758701
TRI,11,135,12.794297148224564
ABY,14,119,11.888857670469282
SLE,13,70,13.603881351957487
AVP,6,544,15.920279238870766
BWI,18,5375,13.369800882161238
GRR,15,1008,14.094458330173984
IAD,12,6986,19.004750187670442
IAH,14,10915,17.68430865454678
LEX,6,1754,14.361197319219404
MYR,12,717,13.53936331680878
ORD,22,1002,17.709310190410864
SBA,13,551,11.116220936763092
SBP,13,80,13.070332387959848
SEA,18,4377,15.295657768557689
SJU,4,108,14.834903028042175
CAE,17,1028,14.192960842050331
ONT,23,294,14.549898045260845
VPS,5,112,13.635187876569683
BOI,14,1106,11.42509106951308
GRR,18,708,16.71987602702076
BGM,6,260,17.54905508286881
CLT,22,8214,17.07417125689593
LIT,20,33,14.140299472426863
GRR,20,231,16.524652053875446
AVL,7,289,15.77290444687088
CWA,15,115,13.793766650384988
HRL,18,236,10.0972018745023
MSN,15,480,13.073551430746159
MLU,17,375,10.632968062805837
PSE,6,83,14.571911638430452
LBB,21,1,16.37286960230468
TUS,21,287,12.523668810937396
ATW,8,20,16.70549858193977
ALB,12,980,14.053388731326642
BFL,7,231,12.122839365053693
HOU,12,1870,10.068355243569936
MKE,15,1875,13.619068268269759
OMA,5,614,15.11857119024198
RKS,6,258,14.038155949253555
BGR,12,219,16.290469685996154
GEG,14,682,10.985498503622473
LGB,20,524,14.039518958065342
TVC,6,454,15.517436515943634
DTW,13,12540,21.309387644765252
IAH,9,7980,20.398101464088214
MSY,21,453,8.245316147979697
SDF,16,1308,15.00686067459714
SJU,18,1084,14.036030261683086
TPA,6,3388,11.827024033782331
BGR,11,74,16.05551626340674
IAH,13,7409,18.48950057661909
MSY,10,1913,11.83987075500883
RSW,12,2318,14.010198440791056
TVC,12,287,14.417725658482617
AZO,11,390,12.246244550679128
MHT,12,1218,14.382139476352636
OAJ,12,116,13.447499212188761
ASE,13,383,13.388529668390834
HSV,17,937,14.249430887013283
MFR,5,242,14.460993654481792
PHF,14,384,12.699710392216472
GCC,5,84,14.74271646648246
HRL,15,249,10.110773151383302
BZN,10,164,15.600984203912018
CDC,14,149,13.492609758364548
BTV,13,129,22.583667379182412
PIA,10,121,16.686243573903948
SBN,9,60,14.70412393645483
GSO,13,347,15.187158456001729
GRK,17,121,11.926062578428835
GRB,9,189,13.548995950978451
KTN,18,189,13.202975189732777
BTV,6,1359,18.726977265135556
DEN,10,20400,19.29900779657721
PHX,23,1281,14.1887471613561
SFO,10,7309,18.583838551738797
BMI,13,234,13.010957574349618
CAK,18,699,13.959524192531632
FLL,15,3115,19.090718454069293
ITO,7,336,10.256100527139386
MIA,18,2321,17.23447328782849
ADK,18,52,13.28065677521561
DBQ,9,198,12.133086677291184
GEG,6,1350,13.812868848160534
HNL,22,2527,16.922215390115255
PBI,20,714,13.321449422398985
MSP,12,2336,17.2219457429527
SNA,6,2912,27.87770910685019
GSP,13,225,15.355876399485455
LEX,14,701,14.429038489179492
LIH,11,425,8.374590152062424
LWB,14,122,12.840810044291768
SJU,19,573,14.666656507923884
LYH,14,23,15.05414495799002
CRW,17,516,13.510811412066191
PHL,14,3403,18.97906361114267
MEM,20,128,13.02043785014374
MGM,10,84,13.155759944743329
RDM,5,20,15.555498581939771
BQN,7,3,16.28795951293954
BTV,5,126,21.883450574481294
FLG,8,62,18.57197425822699
MLI,19,55,14.84941825698563
ABI,13,55,13.210708579566274
IND,5,63,14.7647842321029
BOS,8,7808,20.86047797544673
BWI,6,5479,12.397501313825556
CDV,13,269,10.305311191958733
DSM,18,464,12.518900407504916
DTW,7,3651,18.886606192970614
EWR,19,6410,41.63082332255496
LEX,9,209,15.028025339264635
LFT,14,302,12.28771101948451
PDX,10,3846,11.864840301528833
XNA,5,488,12.77323100311696
DAY,5,327,14.83995276307441
DTW,12,9014,19.839440402658852
GRR,19,436,15.88929072729995
HOU,18,3032,9.554169805182879
SJC,13,2655,11.656137869267795
SLC,0,378,15.911422238143876
TUS,6,2389,10.735500132516181
ALB,17,972,16.813115512903707
BHM,9,1406,12.048246898959345
CID,15,397,12.741770281353666
HOU,20,2187,8.524556112738424
MFE,9,106,13.323591406955208
SLC,7,3074,17.371033342732442
ABI,6,269,11.191490053747351
BNA,7,2632,12.464004330099844
PHF,15,387,12.264188562284954
ROC,18,650,14.028879773110365
YUM,6,413,13.53929791390404
CLE,13,879,15.433768978378726
OAJ,6,208,11.979415031924587
BIL,13,506,11.062144933717446
PHL,18,7931,34.929978810837106
PWM,13,475,18.441147530143954
LBB,16,411,10.449432152314623
DBQ,16,190,16.329861482181975
PIA,11,192,16.7282870884684
ABI,12,34,14.176565894274423
TRI,16,159,12.091350694335029
YUM,5,18,16.2767782189218
MTJ,7,44,17.747637707172032
PSG,16,77,13.015027287190806
WRG,17,76,12.95261266950439
AMA,20,317,9.296546354515042
BOS,12,3890,18.173598954845307
DSM,13,748,12.733089421972611
ELP,15,719,11.094822747048564
FAT,8,367,11.393275866879598
HOU,19,2624,8.800903021230827
IND,14,1969,15.75333969542425
MIA,22,1133,14.989180721681082
SHV,17,468,11.490598291959106
AUS,8,2942,12.606397051227079
BZN,14,458,15.678601845578447
CMH,19,1310,13.842311936051612
HOU,14,2054,9.99380679193722
MFR,9,346,10.999237286620566
MSY,6,2601,11.52819690108581
PBI,11,1680,14.949247095411671
PIA,13,253,15.540112832387457
IAH,15,10189,18.963714630171324
ICT,14,650,14.866213106443698
JFK,19,5638,44.708724264522964
LGB,19,555,14.420854702034768
MIA,12,2822,17.199746690565632
BMI,10,417,13.235318819792598
IAH,10,11352,19.07139886743213
MLB,11,265,12.749752958445953
CHS,10,524,14.653301009347393
COS,11,1446,14.357477250862079
KOA,12,856,10.388765512377379
PVD,13,744,16.424952405015134
LFT,19,214,17.36834340711074
PHX,8,12609,16.99879296796229
TOL,17,157,16.710738637481604
DHN,10,166,10.81451063846907
TUL,11,1148,12.218477427750619
HLN,7,297,13.734659520989352
VLD,11,150,11.846639319331091
CWA,14,132,12.601982025141261
BTV,15,222,18.778446676499293
GNV,14,77,12.54610073351849
BWI,22,13,15.704954246307722
GTF,17,61,13.084843663557594
ABE,15,182,13.449148332740329
AZO,8,228,13.556889725099916
BFL,19,431,10.5549149337717
CAE,18,463,15.77737092332642
CSG,17,216,11.552720980483457
FAY,16,111,13.898861752761956
GEG,13,1533,12.142473870075182
IAH,17,8563,19.10789101117774
PHX,5,540,12.81978098411371
RNO,11,1743,11.510938594591847
ROC,14,740,14.810309321229493
SBP,9,323,11.174136713552654
SJC,8,2556,11.368471321473184
DSM,11,1610,11.586935573001622
KOA,9,334,9.685852142471827
KOA,22,556,13.587896082062155
LSE,18,241,13.952081612412822
MDW,15,3410,11.33665522217458
PBI,18,1675,13.907413988638183
PDX,7,3808,12.88374100046898
PHX,14,7019,12.56857140466818
SYR,14,786,13.638442245860919
TVC,17,168,14.062163544152137
BOS,18,7248,22.919115382394224
EWR,9,5931,37.316806471535855
FAT,19,458,10.900824067800668
MAF,7,626,10.56151491712503
SBA,15,495,10.298587949298778
SIT,11,153,13.43739063175009
CDV,17,156,11.104139960284268
BOS,20,3508,17.783165141306203
CAE,16,368,14.920213311608489
CID,17,431,13.202749208724619
ITO,10,600,9.466656899761103
SJU,16,1226,15.03443426080903
SNA,20,1919,10.045398627950854
BUR,17,1103,11.833466192712198
GCC,14,85,13.808972053150121
HSV,5,230,15.101999484341736
GJT,8,317,13.38287728976684
ELP,16,611,11.072657988513042
ICT,18,240,13.148999499508156
CHO,16,52,15.024077827847188
MAF,14,186,10.967342062352351
OAJ,15,14,15.725086226603269
SUN,18,82,13.52560346061963
LAN,9,24,17.335966369619133
CHS,17,1232,17.035780653027608
DAL,16,2929,11.405962307637099
FNT,14,432,13.771916973369873
MHT,7,1272,12.637507164601146
MSN,11,559,16.714203080171128
PSP,20,147,13.699027651144828
SAV,9,356,16.49925401279117
SHV,6,886,12.074705709769548
ABQ,12,1889,10.63079931112759
ERI,15,259,13.868133230731956
ICT,17,865,13.096020549049506
LBB,9,542,9.658348644599334
OAK,9,2971,10.196242210951734
STL,6,4300,13.887195415871085
BDL,6,3269,16.02305130003941
EGE,12,414,19.05575842379917
MFE,16,258,14.644301200650203
OKC,10,595,10.861381050119098
DSM,15,793,14.988420862074774
PHX,17,6839,12.522072320194953
PSC,14,186,12.428880523890813
HSV,18,638,12.851842587849287
LIT,18,652,10.49422849711805
HLN,11,77,13.224066835213405
BRO,5,229,12.467051154506908
MLU,15,1,16.43227554289874
FAY,17,169,11.57866107744525
ITO,9,240,10.416646558331685
MLU,13,37,14.793137444034837
MOD,8,1,16.461978513195767
GSP,18,561,15.37467447781055
JAX,21,198,11.572683992727425
PDX,14,1777,12.3636972987921
RDU,8,2756,13.392037755543688
RDU,18,3746,17.06517416272303
TYR,7,263,13.244241955462183
BWI,19,4858,12.797228686936824
IDA,17,168,13.002462051614824
KTN,20,261,12.79961171698829
LAX,19,6863,13.287327277011745
ROC,17,957,15.450009299747183
SEA,22,2499,15.90021540201338
SLC,22,197,14.645319292366239
HRL,16,201,14.447374849942767
PIH,9,264,12.551263268771354
KTN,19,74,13.848619711682602
SAN,8,5873,14.841228834728406
CID,10,308,14.695244680962679
PVD,10,864,11.285954180324454
SJC,7,2409,11.82051009558899
BZN,7,432,17.031315469610476
FLL,10,2763,14.910464488240578
JFK,9,6344,30.98303225168106
ALB,8,722,11.640705389090966
PIT,5,121,18.26542909426594
BOS,5,1254,15.682171218488016
BUF,6,2531,14.746354933421808
FCA,8,93,17.101864403278615
YUM,21,64,14.601584328248613
BIS,15,65,13.00399896868347
ABY,10,52,13.504340985741925
FAT,21,1,16.40257257260171
MTJ,14,71,15.764092572121477
EGE,10,104,16.576763871729277
LWS,13,75,13.426627599044416
TPA,5,60,14.36037393645483
TWF,13,166,11.664134698619446
CLE,23,1,16.43227554289874
LRD,16,94,13.776597060993673
BIL,6,550,13.056399738204266
CAK,15,366,12.029312939555306
DFW,5,831,14.691363941818231
DTW,20,800,18.11628869981419
LNK,19,220,11.352061968227414
MSN,12,781,12.720385731932774
PBI,10,1546,12.939647527237408
PHF,6,222,13.148011893890597
PNS,18,721,10.984969342061843
RIC,7,2188,14.918557617933905
SBA,18,694,10.061284420444299
ANC,17,584,12.72757285063271
ELP,20,651,9.131371278072933
GSO,12,1345,15.904954899538252
LGB,17,846,13.630718636186865
PNS,6,1210,11.897450251780743
ABI,14,176,11.687173296495553
AVL,16,348,15.220222834448153
GJT,17,161,12.833945708171543
IPL,19,20,15.288831915273105
OGG,21,1088,11.006447668209406
SBA,17,222,10.679067794511717
STL,10,2499,12.560854109208455
TLH,16,321,13.07520149603984
SMF,15,1987,9.720488658281157
FNT,11,274,11.245079758911157
GJT,6,707,13.202800284798975
MSO,16,245,11.561332840094993
PBI,17,1496,14.4001628006471
LNK,6,390,12.105428224148515
ORF,7,1244,13.784717135292242
TUS,20,456,11.984999693943836
PFN,9,184,12.333309259974552
FAI,10,118,13.342476283636572
CMI,9,267,14.347846947773222
TWF,11,24,15.424676047038488
CLL,18,125,12.176265910367878
MLB,6,131,12.829696233042306
DHN,14,28,14.911404920568536
ROA,13,59,15.570187609011148
ABQ,11,1461,10.805035124812795
ATW,16,532,13.357056692773376
BUF,7,1887,13.99731244581418
CLE,21,638,13.880297872402132
CVG,8,3915,16.760064714777776
GNV,10,225,10.288184091793147
MDW,13,4029,11.56228138286093
MSN,10,428,14.558067859531766
OKC,17,1541,12.052809158947454
SGU,18,267,10.742942315620635
ACV,13,265,11.475780355706226
CLT,17,4986,21.202449828909316
DEN,16,8353,14.993098288161928
GFK,5,219,15.21209978004004
JFK,13,5458,30.65305142674213
SRQ,7,298,13.423768416665258
SYR,9,707,19.393630520238876
BQN,5,192,12.813903526824564
CHA,7,708,12.766905729991056
JAX,16,1349,15.179889461582315
TLH,14,143,12.694073373797417
DFW,20,10800,14.831620167874565
EWR,20,5581,40.62905471392937
GRR,10,746,13.650898144010371
VPS,6,781,13.213007752364101
ILM,14,109,13.43377909010896
ANC,20,438,14.584869572179874
DLH,10,105,13.632486974794013
SYR,17,920,19.669274342973306
TLH,7,647,13.640776211288854
DFW,11,12462,16.25590350500181
FLL,12,3546,20.46507400708524
MCO,20,3815,12.897231118731233
DAB,13,67,16.02790317265133
CHS,8,311,14.191386447281685
MCN,10,26,15.068728808196608
ABY,17,220,10.730186968227414
PIH,17,155,11.551607175814794
ADQ,18,108,11.445479951119099
SJU,2,38,15.51927412922299
LAS,5,14,16.154910788006777
SJT,13,61,12.805340557967531
AZO,21,1,16.40257257260171
ABE,13,43,14.696921886942466
TUL,0,1,16.452077523096758
RDD,19,1,16.40257257260171
TWF,7,11,15.933872340835789
RFD,14,37,18.143502407538488
RDD,8,9,16.09779660397039
HHH,6,19,16.02235151119977
MRY,21,24,15.400482498651392
BFL,18,6,16.21377197955446
CRW,9,5,16.053903141264502
MAF,22,1,16.422374552799727
LCH,10,20,15.580498581939771
CSG,13,42,14.307463590371638
LFT,9,3,16.317085726531772
LCH,9,1,16.422374552799727
RHI,16,23,15.631380730347745
MLU,14,2,16.310390488556596
OTH,15,1,16.41247356270072
DRO,17,5,16.187236474597835
CPR,14,3,16.37533815371624
RIC,1,1,16.491681483492798
GTF,8,69,15.506862898418772
VLD,13,5,15.930093617454977
FLO,7,54,13.8874014924206
DCA,22,36,15.321028160535093
SWF,19,1,16.36296861220567
IDA,19,1,16.40257257260171
EWR,23,16,16.62637784338597
ACV,17,28,14.614529920568536
MCI,22,1,16.600592374581908
RNO,5,3,16.54038669740556
SBN,15,52,17.42539361732087
OAJ,7,56,15.267050191235722
MLU,8,1,16.44217653299775
SJU,5,25,16.71727863866218
XNA,20,1,16.422374552799727
PFN,13,72,13.381743196702166
DLH,16,44,14.844859929394254
MRY,15,31,14.791296410937196
EUG,18,53,14.481436796292632
ABY,7,6,16.176036130497856
BRO,8,21,15.443469668039443
EVV,12,78,13.054268706925688
LCH,8,1,16.40257257260171
SMX,20,36,16.79896933700568
TUL,22,1,16.422374552799727
FSD,9,4,16.496729133007427
BGR,15,23,16.354957966120104
SPI,10,18,16.302201947735362
MYR,20,1,16.3926715825027
SEA,1,6,16.308111602195968
BIS,7,5,16.244379331740692
ELM,10,42,17.131407252343468
CMH,23,1,16.37286960230468
ERI,20,1,16.382770592403688
SCE,14,1,16.41247356270072
LRD,8,4,16.198652209930508
MIA,1,1,16.43227554289874
TOL,14,1,16.40257257260171
PIT,22,1,16.382770592403688
SCE,12,3,16.45300805662886
SCE,18,1,16.43227554289874
SBP,5,35,16.153035776539056
AEX,9,1,16.382770592403688
RDD,17,5,16.158665046026407
CRW,8,5,16.28247456983593
SDF,22,2,16.35941009639973
CHO,14,1,16.382770592403688
OKC,23,1,16.491681483492798
AEX,18,2,16.241763037576202
DHN,7,16,16.1177571537308
GSO,20,2,16.60450813561542
XNA,0,1,16.422374552799727
YUM,22,31,15.56992236513567
XNA,21,1,16.43227554289874
MOD,15,1,16.382770592403688
AEX,11,79,12.897540948786439
HHH,8,6,16.279809715403516
YUM,9,9,16.19871403516305
BHM,20,13,15.457166635688253
IPL,9,9,15.877613117731858
DLH,11,16,16.574653705454935
PIA,0,1,16.719404255770026
LNK,11,2,16.35941009639973
FSM,14,2,16.300586566987967
ACT,13,57,13.2207632473425
BGR,19,1,16.461978513195767
TOL,7,17,16.373160938741645
ATW,15,4,16.448652209930508
HRL,5,28,15.364529920568536
BTM,16,2,16.300586566987967
BQK,14,43,13.822796012816593
HHH,10,17,15.680853246433955
FLL,22,6,16.364715375780875
AUS,22,14,15.584735349410286
GRB,21,1,16.51148346369082
FWA,11,53,14.79516228648871
TUP,17,3,16.686017765366724
MCI,23,1,16.3926715825027
TUP,7,7,15.884671306848343
DAL,23,1,16.382770592403688
MKG,23,24,15.061772821232037
LRD,17,1,16.382770592403688
FLL,23,43,15.445173635194214
AZO,20,3,16.28795951293954
TWF,12,1,16.3926715825027
FSD,17,7,16.108970372268903
RDD,7,33,15.704209246862952
BTM,9,12,16.470177052078327
LWS,12,31,14.905800227731088
SPI,17,33,16.095186690471973
JAC,6,1,16.44217653299775
PBI,22,6,16.24207386634691
LCH,16,53,16.938953136161913
AVP,13,35,16.23451725802054
CRW,19,1,16.40257257260171
ACY,9,2,16.43784146894875
MCN,14,5,16.10152218888355
CDC,6,1,16.452077523096758
DSM,22,1,16.461978513195767
BIL,8,1,16.41247356270072
CDC,20,1,16.461978513195767
BZN,5,1,16.580790394383886
MLB,14,29,15.470231239013742
FSD,22,1,16.679800295373987
AVP,22,1,16.36296861220567
CLL,8,1,16.531285443888837
BNA,22,1,16.3926715825027
BFL,17,1,16.43227554289874
AVP,9,1,16.37286960230468
AEX,8,1,16.531285443888837
PSC,15,10,15.86963481666157
BGR,9,5,16.606284093645453
BPT,10,13,15.704954246307722
XNA,22,1,16.630295344878938
MLB,10,3,16.229707085755074
MSO,18,1,16.41247356270072
LCH,7,5,16.31104599840736
LIT,0,1,16.41247356270072
TYS,1,1,16.40257257260171
ICT,23,1,16.41247356270072
AGS,20,5,16.530093617454977
GJT,20,1,16.3926715825027
SUX,13,6,16.279809715403516
ACV,11,4,16.717882979161274
STL,5,1,16.44217653299775
FLG,21,3,16.559804173133713
MTJ,17,1,16.531285443888837
BIS,5,1,16.422374552799727
ROC,20,3,16.355920677988085
CHA,5,11,15.645584052547502
BGR,18,6,16.468488960686535
FSM,7,2,16.32999833169385
CPR,21,1,16.43227554289874
DAB,8,4,16.323652209930508
GUC,10,1,16.3926715825027
VLD,10,14,15.444384472217303
AGS,23,1,16.43227554289874
CSG,9,5,16.168188855550216
CAK,20,1,16.3926715825027
MLU,9,2,16.39862578267424
RNO,0,4,16.573652209930508
MEM,21,1,16.40257257260171
ABE,9,29,15.741549068471105
CHO,10,1,16.43227554289874
TWF,18,7,16.837942334885724
AKN,9,1,16.47187950329478
CDC,18,1,16.36296861220567
OME,23,1,16.36296861220567
DEN,1,2,16.467253233654635
LAN,14,13,16.581060440997987
ROA,5,1,16.44217653299775
SWF,9,5,16.758665046026405
IAH,0,1,16.43227554289874
SDF,23,1,16.43227554289874
BOS,23,3,16.45300805662886
CLT,23,3,16.385046891580316
DBQ,17,23,16.363088047420916
COD,8,25,16.48527863866218
MFR,0,1,16.343166632007648
LYH,13,17,15.697947263527972
PMD,15,4,16.179421440699738
CLT,5,21,16.61702338704771
BTV,19,4,16.18903682531512
PMD,19,24,15.86015991800623
CLL,10,27,14.650864801832855
FSM,5,28,14.731717420568536
DRO,0,1,16.491681483492798
CSG,7,24,15.505321208328812
CLL,16,27,14.556376612856477
LWB,13,29,15.57100643281219
FLO,5,28,16.059842420568536
FAY,5,28,14.700467420568536
HHH,13,1,16.343166632007648
DAB,5,27,15.068187636478525
IYK,7,2,16.39862578267424
IND,22,1,16.541186433987846
GNV,5,21,15.23685809779151
FAY,12,19,16.49293974649389
FAT,0,1,16.382770592403688
CSG,18,25,14.72527863866218
MKE,22,100,14.598299149163863
GNV,11,28,14.653592420568536
PVD,5,25,16.397278638662183
TRI,5,21,15.261651486221261
JAX,5,21,15.542643221758452
PIH,8,28,15.950467420568536
TYR,16,27,14.241415982935218
GPT,13,27,14.721730943565138
SPS,8,28,14.661404920568536
PMD,12,25,15.325278638662182
GSP,8,4,16.265959902238198
GUC,17,25,15.861278638662181
PIH,11,25,14.77327863866218
XNA,1,1,16.52138445378983
LEX,21,1,16.3926715825027
SJT,10,28,14.387967420568536
BQN,12,28,15.505154920568536
SPS,10,28,14.528592420568536
ACY,19,1,16.41247356270072
CLL,13,24,14.698869595425586
AZO,14,26,16.05285579232359
MLB,17,29,15.1524017816494
VLD,5,28,14.653592420568536
FAR,11,5,16.158665046026407
FAR,20,1,16.3926715825027
TXK,7,25,14.573278638662181
TYR,11,27,14.721730943565138
SMX,17,4,16.025575286853584
LAW,9,28,14.630154920568536
CPR,19,20,15.49716524860644
MEI,5,29,15.346200231261804
HHH,11,28,15.302029920568536
TXK,11,26,14.521109760577561
EGE,17,21,15.45173413084936
GTR,5,28,15.575467420568536
FAY,9,29,14.369456045215292
GNV,9,4,16.20826759454589
PMD,9,4,16.16980605608435
EWN,7,28,14.684842420568536
CRW,21,1,16.422374552799727
JAN,5,20,16.972165248606437
CHO,13,28,15.255154920568536
OTH,8,28,16.286404920568536
ELM,19,26,14.75126849073629
MSY,22,1,16.382770592403688
AVL,5,25,16.461278638662183
