Origin,Dest,route_hist_n,route_hist_taxi
AMA,DFW,1956,8.890742729270382
ATL,JFK,1504,24.321640871889567
BNA,IAH,1914,13.674047818185533
BOS,CMH,708,17.865210969546684
BWI,BDL,2197,11.033302142819931
DAL,HOU,7029,9.613339442706085
DCA,CLT,2200,19.12747996218506
DFW,MSY,1776,15.33835154157524
DTW,ORD,5449,21.295841046538712
DTW,MIA,904,19.339444355258266
EWR,ATL,5926,28.176678365949865
EWR,DFW,2702,28.63147889350159
HOU,SAT,1918,8.949608696603855
IAH,JAX,1097,18.454080135062238
LAX,SMF,4558,12.551829408619007
LGB,MRY,435,12.57078332972451
MCO,CLE,1527,14.36450850660519
MDW,SFO,814,12.70350684596804
ORD,EWR,5039,26.57119864706551
ORD,DSM,3504,18.63951320059549
PHX,MCO,771,18.43950050537928
PHX,FAT,1232,18.30095937200966
PIT,PHX,812,13.732981339810193
RNO,GEG,214,11.931173920137827
SAV,ORD,866,15.849159295760247
SFO,SLC,3119,17.724465104107413
SLC,GJT,775,19.539187775656227
TPA,BUF,539,11.189864032116107
TPA,IND,1255,12.560022923307576
TPA,CLE,697,15.43752331314108
LBB,ELP,273,9.696067848038348
ROC,DTW,793,19.23585992279524
SFO,CVG,592,18.67574753102241
SFO,CLT,1064,15.761068146244513
SJC,MDW,529,9.73373042299894
STL,LIT,488,9.640947797242355
TPA,LGA,1131,16.431693408057907
ATL,OAJ,790,23.3200356129957
CHS,DTW,575,17.87012786386622
LGA,SAV,715,36.472980280936454
FNT,MSP,260,12.39299972553673
HLN,SLC,942,10.696401123907648
ORF,MEM,148,16.544595529880738
TVC,LGA,46,13.623228280379024
PHL,BWI,480,30.969490405502615
BDL,BNA,274,10.734042947272798
STL,SAN,271,15.005700669521454
MSP,SAT,190,17.845124645484944
PSP,PDX,116,15.764035632026424
RDU,BHM,159,14.568564186202805
CLE,SRQ,115,17.95654493888719
SLC,BNA,113,22.949876778628138
LAS,BMI,51,15.17653381105333
ROC,FLL,114,13.017255578758453
SAV,BOS,88,15.998767499394104
ITH,DTW,42,16.86771646648246
ALB,EWR,499,21.784753943381396
ATL,TPA,5438,18.657038978665522
BMI,MCO,122,9.993197179746431
DEN,PIT,734,16.8046299935158
DFW,TPA,2066,14.871847785877309
DRO,DEN,1830,12.462675486657652
DSM,ORD,3276,15.525204424208175
ELP,DFW,2075,12.115684665843006
EWR,LIT,231,41.36950147657077
HOU,TUL,951,9.591238676240147
IAD,EWR,1375,26.411810466607992
ILM,CLT,863,15.083055766611595
IND,DCA,716,17.561135659159774
JAX,CLT,1884,13.287399128705474
LAS,SLC,4033,16.317127091578833
MSY,SAT,428,9.612614884762316
OKC,SLC,560,12.46201625396129
OMA,PHX,1574,11.39583122839679
RDU,DFW,1724,13.019633548430884
RIC,IAH,714,14.00632187816281
SAN,MEM,107,19.26006315233367
SEA,MDW,1102,13.930407912253807
SEA,IAH,1799,13.454748466693557
SEA,SAN,2100,17.631548797635528
SJC,ONT,2095,9.160759867093887
DEN,OKC,2064,14.62338217356499
IND,JAX,273,11.09235267775971
RDU,TPA,804,9.362798495218252
SAT,ABQ,424,12.248586318389002
SFO,ONT,1217,16.693630556366525
SFO,TUS,269,16.037084372778644
ABQ,PDX,274,10.888363934927119
BWI,HOU,961,11.439000904961807
CLE,DSM,138,13.695903802746736
DTW,FNT,1234,19.819960992925534
EWR,AVL,482,31.433890817512005
LGA,MYR,121,32.52532113986191
MCO,BHM,953,12.045692836407165
PHX,BDL,269,15.030814780302153
STT,CLT,323,10.959329530606933
IAH,LBB,650,16.56404273559484
JAX,LAS,143,12.03538816018853
PHL,HOU,503,22.075641799125474
CMH,LAX,48,14.783978723636595
PHL,AUS,198,21.69286256014672
SEA,PSP,466,17.794244021155787
BRW,FAI,266,7.179841502899957
LIH,DEN,32,15.595486767273004
SUX,MSP,111,12.514471521219791
CVG,XNA,83,15.720525676063055
ANC,AKN,114,14.145304359246259
ATL,IAH,3970,21.276325849481687
BWI,ABQ,416,11.821523422567354
CEC,SFO,495,14.01253195397502
CHS,DFW,852,13.120654007667834
CLT,SEA,381,21.034408155258436
CLT,LGA,4219,26.123174025513325
CLT,ATL,5162,21.63715078950813
DAY,IAH,609,14.426145546155366
DFW,MSP,2086,16.93578179537284
EWR,XNA,400,27.837399810925305
FLL,TPA,2278,15.106885702283671
HOU,DAL,6995,9.431771457049877
IAH,MSP,1857,19.32922386728704
JFK,BTV,1766,34.195390922310786
LAS,ATL,3631,17.513944557162834
LGB,AUS,151,16.173283158787992
MCN,ATL,584,12.166924156019537
MCO,BQN,394,13.684301610172042
MCO,ORD,2930,17.49390265601221
MFE,IAH,1957,12.069172852474532
MHT,ORD,883,17.62146829037126
ORD,OGG,195,22.517673122107702
SAN,CLT,527,16.978907998121986
SAT,EWR,698,16.886136249888217
SJC,DFW,1683,12.891996488699588
SJC,EWR,198,12.26544320530801
SNA,SJC,4061,10.539729972005931
SWF,ATL,1410,13.053993092408485
SYR,ORD,1719,16.219236808884332
TPA,RDU,812,11.314187836329914
BDL,PHL,342,16.80568855846017
DEN,IDA,715,18.388012960675017
DFW,DSM,1530,14.706221465136954
MCO,ROC,488,14.33053887530927
MEM,LIT,693,17.962086022767682
MSP,DAY,510,19.28898199092212
OGG,DEN,136,13.568978037184873
SAN,BWI,546,13.258103884087896
LGA,CHS,954,36.68907362043465
MSP,MIA,707,19.662919306362465
RSW,ISP,282,10.565752755772248
GSO,EWR,749,18.52919889226081
TUS,CLT,116,11.9748790055204
GCC,SLC,169,12.766346643453819
SGF,DTW,257,13.540162589304192
LAX,PIT,280,11.850999742170867
EGE,MIA,33,19.263011023088993
LAS,PBI,62,19.63240995461059
PIT,RSW,107,13.916114107747683
FNT,RSW,93,12.341467936478226
ATL,ACY,110,20.661436968227413
STL,SRQ,38,14.157158124049845
LIT,SAT,1,16.32999833169385
ATL,JAX,4188,18.2283694938453
BDL,BWI,2199,9.73269449307087
BFL,LAX,652,11.459871673670067
BNA,AUS,622,10.178318325768434
BOS,MSP,1215,20.969035505862756
CLE,CHS,150,14.064149574581931
DEN,BOI,1531,16.841764652066026
DFW,SPS,1762,15.528603705803745
DTW,DCA,2238,20.053247340435483
FLL,PHX,495,18.47491727507594
FNT,ATL,2345,11.945231697251101
IAH,LRD,468,15.055656206402292
LAX,CLD,1704,13.622479997101703
LGA,STL,1162,27.296064286234643
MAF,IAH,783,11.673265203981257
MDW,PHL,1974,12.62195153899031
MSP,IND,1342,19.399303099796256
OAK,DEN,2417,10.78590592416554
ONT,TUS,472,12.503505584131009
ORD,BZN,286,19.672112842013057
ORD,RAP,185,18.658850701771858
RNO,ATL,154,15.361911347629345
TLH,MCO,217,10.96190979369433
XNA,ORD,2178,16.115273749962473
AVL,EWR,478,18.240208172190126
BNA,MSY,739,9.99724957530594
DCA,MKE,119,18.50195215926856
GRK,ATL,476,10.857091092996933
PWM,ATL,700,15.487773219888515
RDU,IND,495,13.440054889754839
SFO,ACV,1800,17.799908062116966
TYS,MEM,1082,13.94507943013815
BNA,CLE,960,11.266168232590482
CMH,TPA,780,9.425096283031792
CVG,TVC,129,14.272792820761934
DAL,ORD,490,14.94042576836368
IND,MCI,877,14.485253414149284
LAX,AUS,1286,15.12936370876975
LAX,FLL,354,18.596113650783135
RDM,SFO,802,11.869518679479327
SLC,TWF,1357,15.563489633913566
SLC,AUS,456,20.636027499834757
HNL,EWR,271,18.33903400285479
SAN,HOU,267,12.706088059673142
DTW,TPA,1135,21.637831151828173
LEX,CLE,14,15.841092420568536
MHT,CLT,542,14.291942423845247
YUM,LAS,95,13.536758033906112
BDL,EWR,615,21.595232954761485
MQT,MKE,246,12.121047009852656
MSP,LAN,154,17.258970171158758
ATL,TOL,115,18.95654493888719
CVG,TRI,177,17.0697353080017
ALB,MCO,781,9.781985457179767
ATL,DHN,1032,21.7595470562998
BDL,ORD,2339,17.71068644408388
CLT,STL,870,22.687858603169985
DFW,TUL,2433,15.618940763156015
DFW,SGF,2319,16.155268009673442
DFW,GJT,415,14.584580462185778
EWR,SEA,1546,30.421572628393726
GSP,CVG,374,12.865164893670723
IND,ATL,2600,14.981445250911843
LGA,FLL,2367,28.762031408736608
LGA,CLT,3942,30.117442363456007
LGA,JAX,924,35.81502044652606
LIT,DFW,2257,10.315487609413259
MCO,BTV,267,17.090946103837183
MKE,DEN,1002,14.561625394407212
MSP,FAR,1314,17.69928879392697
ORF,JFK,250,18.40943304972129
RNO,DFW,784,14.084927955535235
SAT,CVG,716,14.96844636412061
SGF,DFW,2298,11.801034887102379
SGF,STL,261,14.202025449891918
SIT,SEA,222,11.900109981310244
SLC,BZN,1582,20.260312447865434
TPA,MSP,754,17.081878003627345
TUL,CVG,713,13.178020858343888
BIS,DEN,933,10.113763901237423
BNA,TPA,1302,10.076057629376026
CVG,ATW,534,16.148681361158197
EWR,CLE,1550,28.565518696822743
EWR,MSN,221,21.807490460946077
IAD,BUR,162,18.60768827790748
JFK,SLC,1319,39.80265150833922
PHF,LGA,567,16.981896134386364
SDF,MCO,437,10.04687867539299
SYR,CLE,561,13.69530264307101
TVC,CVG,128,14.549606263575203
DFW,AEX,784,18.704832032273845
DTW,GSP,940,19.974575671632714
MCO,SAT,559,10.934039269156628
AMA,LAS,274,10.638363934927119
MCO,PHX,764,13.760233310708092
TUS,OAK,272,9.896987313404926
SDF,LAS,270,10.815093484113707
CWA,MKE,280,11.590393681564807
ATL,FCA,25,18.824398865551817
AUS,HRL,268,10.675565770177316
SRQ,BWI,185,12.046084744325048
SFO,FCA,12,17.126288950264296
SJU,MSP,26,19.379340985741926
ICT,OKC,2,16.150575286853584
GSO,ORF,2,16.265959902238198
ACV,SFO,1796,10.315184135924369
ANC,FAI,2499,12.977571563325377
ATL,CLT,5154,22.40042850017609
ATL,MSP,3933,19.589713762218523
ATL,SMF,513,21.52545277960282
ATL,MLB,1444,20.69533461507121
ATL,FSM,483,18.92088164149416
BOS,JFK,5209,23.508999793671112
BOS,ATL,4388,20.042548426073992
BOS,MIA,1618,16.793063498151312
CLE,IAH,1579,13.916408787548427
CLE,MEM,958,16.6575693600361
CRP,HOU,1425,9.001240620282296
DFW,IND,1572,15.184235459257945
DFW,ABQ,2097,16.101457808531155
DTW,LGA,3446,23.24337240129187
DTW,MDW,2437,14.809340536757695
EWR,PHX,1947,27.102568810674203
GRB,MKE,579,10.349491120693779
HOU,TPA,1034,9.358699183502202
IND,RSW,816,13.564468723921925
LAX,SAT,1362,14.81928464229206
ONT,COS,458,11.487854163221234
ORD,IND,2974,18.657681850170764
ORD,GSO,711,20.525400676631257
ORF,BWI,1296,9.217555657441595
PDX,OAK,1947,10.33291432895162
PWM,JFK,1376,17.156963474695925
RSW,MCO,1065,9.13975777122546
SAN,LAX,8431,12.614176384260864
SMF,MSP,625,14.725673948024276
WYS,SLC,263,9.8940252872728
CRW,ATL,1026,11.805604010145341
MCO,CLT,2470,14.142392823379518
MDW,SJC,532,13.171529063430217
SEA,BOS,753,17.535280093295626
SLC,DFW,2311,18.788576838168737
BWI,FLL,2018,11.31423110005628
CLE,ROC,708,14.123786167435867
EWR,LEX,301,33.87131029890708
IAD,TPA,1312,16.396350892009096
JFK,ALB,308,36.03583775116309
STL,IAH,787,12.524289026184453
BWI,SDF,1125,10.949642480779904
DEN,CID,362,19.84424736630191
IAH,CRW,495,18.216201678745662
SAV,DTW,353,16.954912940239172
ALB,CLE,805,14.335473584697528
IAD,OKC,223,23.790585768924494
SJU,FLL,705,13.827589291279983
SNA,STL,267,13.810189006045384
BWI,DAY,711,11.898593843516934
MEM,LEX,164,18.246868761291523
MSN,CLE,226,12.256630126508647
LGA,MSY,349,28.934410814326785
CLE,JAX,113,14.508158987217094
IND,MSY,10,15.680498581939771
MKE,TPA,92,13.963590950115396
TUS,JFK,130,13.565721749535479
HRL,DAL,24,13.092296147518734
BOS,ACK,1,16.40842970424287
HDN,LGA,12,17.28757927284494
ATL,ROC,1817,18.96777178088719
AUS,DEN,2012,11.600305487350333
AVL,IAH,361,15.624890303932814
CVG,AUS,558,19.85991762321774
CWA,ORD,1090,12.158622732382796
DEN,AMA,547,11.981289639725942
DFW,LEX,595,16.960976612273466
DTW,FWA,868,19.799378992283646
EWR,SAN,885,29.838320764616455
FLL,MCO,1582,15.717420291002687
GEG,PHX,595,13.31756575956029
GRR,IAH,519,14.743110571030556
JFK,PHX,1722,35.84866248020112
MDW,MCO,2679,11.30847560092209
MKE,ATL,2558,14.02102374038205
MRY,PHX,654,11.489815220051685
ORD,SAN,2486,19.3059266226011
ORD,ROC,1786,19.074526097449013
PHX,IAH,3178,15.441706912923292
PHX,TPA,775,18.807066563535013
RDU,DCA,2061,13.093713839372992
SEA,EWR,1555,16.331358202440118
ATL,EYW,738,20.857652176289832
BDL,FLL,441,17.0261301729458
IAD,MYR,477,20.756793007431472
LGB,SJC,395,15.401864977340194
MSP,TUL,535,20.194581051139124
LGA,XNA,559,28.431576214969436
GEG,SAN,451,13.025608612607558
MCI,SAT,567,13.472982033900141
BWI,SAT,545,11.712319184733422
IAH,MLU,458,17.816594320701547
MSP,FLL,365,16.871879313051533
SJU,TPA,273,12.847770634416058
EWR,ABQ,164,39.793597733254146
MCO,PDX,236,16.821083618588766
DEN,KOA,31,16.800369319955387
LAS,COS,97,18.304965407594466
STL,BNA,207,14.162762314849752
LAN,MSP,154,18.00406821037444
SLC,MKE,5,16.724180271207025
ORF,BOI,1,16.271174802282086
ICT,MSY,1,16.32999833169385
MYR,CVG,13,16.14015737962518
EGE,LGA,12,18.14241798252236
ABQ,ATL,798,14.16371452230706
ATL,MEM,3539,18.72578153104385
ATL,CLE,2108,20.741348431379233
AUS,IAH,2740,15.64330821323168
BDL,MCO,1327,13.229360867767891
BNA,RDU,1227,10.133774404789653
BUR,OAK,4033,9.844680361233502
BWI,RSW,928,11.857699299505509
CLE,PWM,214,14.76829513225904
CLT,DFW,2752,18.35147391681527
CLT,SAN,533,23.394219408089857
CMH,MKE,858,11.508623254313202
FLO,ATL,456,10.102430661890093
HPN,RSW,420,16.614531733864652
IDA,SLC,1338,12.959531638988752
LAX,IAD,2861,17.018491897944482
LGB,FAT,431,12.854116247227415
LIT,LAS,288,9.185887322237829
MAF,HOU,493,8.996003526549515
MDT,ATL,1362,12.87169257430339
MSP,BIL,638,17.504113248424982
OAK,SNA,2868,9.908097983179022
ONT,PHX,4338,11.060353216708384
ORD,RST,1735,17.771893509757078
ORD,SDF,2525,19.461293170841316
PSP,LAX,1955,11.698169533624133
SFO,ORD,4174,20.310092309402553
STL,ORD,3031,16.221301497863156
TPA,BWI,2602,11.296315955850824
TPA,MIA,1359,12.745798378223128
ATL,MHT,588,21.23170833058995
AZO,CVG,57,12.456354345012956
BWI,SEA,242,14.033664092179407
GTF,DEN,674,12.086781650436999
JFK,BWI,833,35.1753453170061
PDX,JFK,531,14.156333760613402
SAT,SLC,492,13.425885451875253
LEX,DCA,222,14.48099233425142
MSY,JFK,766,16.17258568004459
DEN,SDF,381,15.964802586812961
LGA,SLC,23,18.381231711183375
SFO,BWI,267,17.810189006045384
LAS,ELP,773,15.38132431946098
DFW,CLL,827,16.071641864214808
MSP,ORF,119,22.17650837228631
COS,CVG,101,17.257151754413155
BMI,LAS,50,12.688299149163862
DAB,CLE,11,15.669342867481744
ATL,STL,2896,19.153710086529664
BQK,ATL,681,10.313036819311062
BUR,PHX,3630,11.54370378122728
BWI,CLE,1864,11.753829631617757
BWI,DFW,1773,14.134849103080848
CLT,ILM,864,18.806159644328652
DEN,SAN,4000,14.449834546892935
DTW,PHX,2215,18.72442821850613
DTW,DEN,2158,18.34231427305996
EWR,CHS,890,33.10513820735786
FLL,IAH,1442,18.300154098469427
IAD,SYR,436,21.31034961916952
IAH,DEN,3444,18.500809935579962
LEX,LGA,257,14.46198669353872
MCI,LAS,1471,10.079441101194206
MSO,SLC,1390,11.581131885358602
MSP,DFW,2137,17.00403745538015
ORD,GRR,2622,18.028005207678287
PHL,SMF,117,31.78341266416998
SFO,MFR,1977,17.08033049576536
SLC,EWR,665,22.525636244638303
ATL,SNA,1075,20.349182146592344
BHM,JAX,273,10.436005928533703
CMH,JFK,396,14.880784562592796
DEN,SAT,1920,15.694329906048928
MCO,RIC,358,13.455465477736242
MSP,DCA,1665,19.286198201117426
PHX,ICT,522,21.499702648455223
RIC,MEM,207,16.450700058040415
RNO,SAN,544,9.274124435886174
SAT,SMF,225,13.297563326968678
TUS,AUS,228,11.905863003296353
TYS,ATL,1678,15.15499416372476
ANC,PDX,481,14.835837881198469
CLE,CVG,404,18.365264129771777
CMH,MCO,769,9.399059725172634
DCA,CLE,664,13.81068615534508
FLL,STL,375,16.881952740979735
PVD,FLL,275,11.07024589205042
SBA,SJC,872,9.973785157176124
SLC,FLL,228,21.546150773080527
BHM,CLT,410,15.247456336774754
BNA,MIA,546,12.991325360597964
BNA,BOS,76,17.8796024993364
MCO,PSE,260,13.844612628762539
CLT,SRQ,147,20.049898045260843
MCO,CAK,272,14.415620853777598
MKE,BOS,206,12.468085605142134
PVD,CLE,266,13.122879477583503
AVP,LGA,3,17.109998394648798
ICT,MSP,530,13.816948129166184
SAN,MRY,441,10.626944836896918
HPN,CVG,33,21.45578210742634
MFR,LAS,133,10.65480827823162
TUS,GEG,151,12.64591997470839
MSP,GTF,193,19.344979073729988
BLI,SLC,119,13.507869319031872
IAH,EGE,99,21.032415536351586
TUS,IAD,111,13.620061583331593
TYS,AUS,3,16.072262545592196
CLT,LIT,23,17.54561527282721
DEN,RDM,12,16.690805079296553
DTW,ITH,43,17.15946145071383
OKC,CLE,21,16.406055139667412
ABQ,LBB,274,9.87910467566786
ATL,SFO,2661,21.743574295432087
BFL,PHX,920,11.48951537620246
CLT,MSP,1385,16.73437624732849
DFW,MAF,1597,14.100078879730654
DFW,LAS,3701,16.038077823224842
IAH,SAT,2800,19.670115759619783
IND,LGA,916,21.369389145876177
MCI,SMF,274,10.62910467566786
MCO,ATL,7077,15.929680077861144
MLU,DFW,747,9.462772791614036
OAK,ONT,2799,8.896044196179847
RDU,CLT,1741,19.045689511399434
SAT,MDW,531,9.832753726189994
SEA,LGB,1053,17.1267723616649
SFO,SMF,1662,17.036699716656766
SRQ,EWR,393,16.250180394845117
STT,ATL,342,15.33630080335813
TLH,MIA,621,10.291847861276285
TUL,SMF,225,14.712108781514132
ATW,CVG,535,12.700563957122029
BHM,HOU,527,9.918249419265836
EVV,ATL,866,10.563133094886885
GTR,ATL,703,10.34638766921167
ISP,TPA,813,9.48068356305491
MEM,SGF,785,19.757880137624415
MSP,FWA,151,15.765322959783017
PBI,DTW,364,15.820845205112045
SJU,IAH,572,13.437025586682294
AUS,PHX,2068,11.732686456523318
CHS,EWR,884,18.266413185135317
CVG,CLT,781,20.220011931307326
HPN,FLL,777,18.24525987293396
MCO,JAN,287,12.281394406280079
PIT,LAS,1043,13.13982608867007
SAN,SAT,470,11.143903682531514
SLC,SLE,468,20.049864700610787
CMH,MIA,343,13.775648638464089
GEG,ORD,287,14.58999974752637
PHL,LAX,1734,24.189927082352234
PHX,BWI,1602,13.600381304428806
SLC,PIH,1285,17.429835142259467
ISP,RSW,278,10.493383886940203
PBI,BWI,1015,10.016741704146842
MAF,LAS,274,9.641450354680204
TPA,SDF,394,11.116734042604474
PHL,MSY,821,26.28797923641376
SAT,STL,240,11.52355143074616
RSW,CLE,458,13.5291927458984
SJU,BWI,243,12.60692803725729
MYR,BOS,45,14.913999104383015
MSP,SUX,111,17.607639223083144
STL,AUS,89,15.43043104256393
DTW,STT,16,19.08833204418767
CVG,EGE,26,16.681972564689293
BIS,MSP,864,11.580776712162349
BOI,SEA,825,9.212377045618728
BOS,TPA,1399,20.24142851270972
BTV,CLE,435,16.207896731786363
CLE,PHX,868,16.067352848492796
CVG,ROC,652,15.844487058285452
DFW,MCI,2081,15.614655051579721
EWR,OKC,259,26.290711698758532
GEG,RNO,212,11.789427156169413
LAX,ASE,259,17.371617847625846
MCI,MCO,1045,10.328611794444189
MKE,IND,514,14.12558495552551
MSP,CVG,1342,20.663670915888208
MSY,DAL,1531,7.859474961996449
ORD,GSP,1164,20.43313831541712
PHX,SAN,5849,12.979628736212304
ROC,BWI,673,11.308201818694863
SAT,DAL,3723,8.630752694120432
SDF,CVG,490,13.18116650910442
SEA,LAS,3769,16.41053414896999
SFO,PMD,538,16.635765161422427
SJC,AUS,712,12.077204612751164
SMF,CLT,75,14.58263931933109
XNA,LGA,553,17.65145922871706
XNA,IAH,1076,11.814236158895548
ATL,GSP,1814,21.87437227195085
CLD,LAX,1705,10.280814766334123
MEM,LAX,815,17.414832271579638
MSP,MBS,109,15.785093804505575
MTJ,DEN,1247,13.072343804869998
SAN,JFK,1205,19.081936187184372
CEC,ACV,265,12.459777507671067
CHA,DTW,71,14.874627396003193
CLE,SAT,229,15.698315107227193
DCA,MIA,2173,14.480355337344303
DEN,MSN,737,19.94514601641218
GSP,CLE,387,11.047665709190817
LAX,DSM,175,15.63035517740616
MCO,ORF,569,10.616849620220334
MEM,MKE,615,19.127563781829153
ORF,IAH,703,11.627928173859743
SLC,OMA,511,21.439982023023862
SMF,BFL,228,11.423848614807145
MEM,PFN,807,19.417537823706404
PHX,FLL,498,17.943120282694135
BHM,LAS,273,10.519597259803053
IAH,RNO,427,20.001739863556367
IAH,CHA,454,18.209979989913467
JAN,ORD,205,16.199332999672105
IAH,BDL,120,21.39311714656698
BNA,STL,210,11.88396121121687
ORD,AVP,491,21.89617359503953
CLE,SJU,29,15.466201454637801
MSP,CID,299,21.469426690304832
ATL,OMA,1249,19.935203937579974
CAE,ATL,1775,13.677715021871993
CLE,BDL,387,16.553386532989443
DEN,ORD,4568,17.624259401237847
DEN,BIL,1230,15.744398371028428
DEN,MRY,268,21.030911682127
DFW,XNA,2001,15.967250080407794
DFW,FWA,499,16.875828624620013
DFW,AMA,1961,13.9188612207441
EWR,PVD,884,25.41630611875416
IAH,DAL,2866,17.548638516775167
ILM,ATL,1455,10.031116222535806
JFK,MSP,951,35.99183807683955
JFK,HOU,730,30.230551172969726
LAX,ABQ,1818,12.781493530469158
LAX,BOS,2009,18.225755179658275
MDW,FLL,1219,11.271733581494395
MHT,BWI,2737,10.381711487232288
MIA,SFO,811,16.545679343689184
MIA,IAH,2062,17.606453558199046
MLI,DTW,564,14.270081294652096
MSP,RAP,714,18.19349465303192
ORD,JAX,1313,19.511980862007622
PHX,PIT,811,15.531742061459218
SAT,HOU,1918,9.77125503806727
SEA,ORD,3454,18.66975739580947
SFO,DTW,888,17.97210012251214
SLC,CPR,831,18.86473316108557
TUS,ABQ,540,8.611576126976926
TVC,MSP,266,17.762119983912616
ANC,PHX,271,15.781401604100893
BNA,SAT,506,10.51048545848271
GRR,LGA,252,17.910032830848962
LGB,SMF,542,13.937212694115518
MDW,TUS,543,12.095834595137246
MKE,DFW,558,14.708601833744057
PIH,SLC,1282,11.259632068255545
RDU,MDW,1014,9.691569468906378
SFO,FAT,1783,17.426530231814723
STL,LAX,1303,12.631064238666953
TWF,SLC,1358,10.046754200934934
DEN,BDL,212,13.613854637085444
FLL,TLH,257,16.784462263571292
HSV,DCA,424,12.683185474507145
MIA,STT,544,15.686582348344086
OMA,MKE,450,13.531659829832774
JAX,BWI,803,10.43825312416927
RDU,SLC,253,14.755214240648142
SDF,DEN,381,13.384756183100665
ATL,PIA,520,20.583912131432257
BRW,ANC,264,6.677802276803778
OAK,AUS,144,13.947576881012301
ORD,GTF,23,16.80588924542995
MQT,GRB,228,12.657661564447432
SCE,CVG,23,15.381231711183375
MSP,LIT,152,22.132821360972212
CVG,MSY,109,17.684464873687965
GSP,MCO,89,14.351294351916449
EYW,MCO,35,13.656822528428075
MCI,LNK,1,16.29078264541934
EVV,STL,1,16.349606174831106
ATW,MKE,765,11.113901736093727
BET,ANC,763,7.0649814451616075
BNA,CLT,1559,13.782989381551515
CLT,DEN,1520,19.499254722876678
COS,DEN,3182,14.430640443971654
CVG,MCI,1140,16.27128564278688
DAY,EWR,665,16.058503377505435
DEN,LAX,6622,15.206059639525837
DFW,MEM,1765,16.186683148714263
DFW,EWR,2698,21.10219429218209
DFW,SBA,266,16.046930110494895
DTW,MKE,1302,21.67221147552987
DTW,EWR,3144,25.64490604724996
IAH,MIA,2069,18.397748898025664
IAH,SNA,1443,18.758760827137568
JAX,LGA,925,17.949569143503986
JAX,PHL,1246,12.661134193608323
JFK,SRQ,390,25.18143162480997
LAX,DTW,1510,16.488352509561786
MCO,IND,1794,14.240688674032748
MHT,PHL,1746,11.46705451832761
MIA,ORD,2391,18.20312573327177
MKE,RDU,479,16.678317419501678
SFO,LAS,5270,16.685682314833905
SNA,MSP,792,16.806211300375757
SYR,CVG,726,13.501069477985034
TLH,FLL,257,10.45872936454849
CVG,SDF,490,15.264499842437754
GSO,DFW,789,13.023635178684609
IND,PHL,466,18.604321540535633
LAS,BOI,573,14.511765513509449
LSE,MSP,347,11.853475856212562
SLC,BUR,1407,17.684852378116943
BWI,MDW,2105,10.789712257501803
DAY,CVG,572,13.538311760315734
DFW,PBI,599,15.568304953646205
FLL,DCA,1019,16.36934510282169
HRL,IAH,297,12.956282175551546
SJU,PHL,1124,15.097810830422816
EWR,PIT,562,28.200702475353573
RDU,STL,259,13.717896164777951
AUS,OAK,143,12.004300077286976
PHX,MSY,271,10.189501292574413
TUL,SAN,227,11.696136876954464
MQT,ORD,229,13.84168428285443
MIA,GSO,388,14.020159623096774
OAK,BNA,274,10.277252823816006
SNA,CVG,199,15.509357088017616
BOS,MEM,191,18.57190836064891
LAS,ROC,83,14.93857078884501
HDN,MSP,96,19.238561061071138
ATL,OAK,88,19.100216774756422
ATL,SDF,1953,20.41928602841557
BOS,PBI,1317,20.231770237685726
CLE,GSP,387,15.443546716055804
CVG,ORD,4230,20.04482007357859
DCA,BOS,6459,16.03361959055406
DCA,BNA,989,14.798681342556677
DTW,BNA,2089,18.35522670169069
FNT,ORD,959,15.465639162454298
GEG,DEN,1002,11.920940983760824
IAD,PHL,378,22.123434380645765
IAH,JAN,1269,16.4706822705962
MDW,MHT,1277,10.788115987126139
MDW,CLE,1933,12.21373167671023
MIA,LGA,2608,20.91980056994597
MSP,SNA,797,16.311487502852877
MSP,GRB,1132,16.98039755915092
ORD,BUF,2500,18.67130584898682
ORF,CVG,400,14.755177588703082
RNO,SFO,1435,13.725137989842684
SAN,DEN,3896,13.972080566375162
SAT,PHL,196,11.27166632079832
SAV,EWR,835,19.278903858662584
SBA,SFO,2270,9.613719790912235
SEA,LAX,5362,17.042651499430225
SFO,BOI,1316,18.2209589421057
TPA,FLL,2288,10.605145387047214
DEN,SBA,663,19.517293008297877
DEN,CPR,1148,16.86880627288513
DTW,CLT,2046,18.625395951773086
MSP,SDF,522,22.052150200902773
OKC,ORD,1521,16.72618072241654
SFO,ANC,177,16.994845440160294
STL,SEA,446,13.568205473621747
SWF,FLL,378,15.036985782514922
FLL,AUS,295,19.196608449033004
GPT,TPA,268,10.103238726152158
MHT,DTW,689,19.03359934359457
DTW,AVP,522,22.153548802301376
IND,IAH,937,14.668520683805863
AUS,CLE,376,13.90100918994457
DEN,PBI,93,14.593216188226478
MSP,MDT,145,21.799127768801984
PWM,EWR,648,20.790587270653848
BOS,CHS,155,20.11136543861652
BGR,ATL,256,14.705326519334598
BOI,DEN,1529,11.672469863784919
BOI,PHX,505,14.797891738588085
BOS,PHL,4607,20.79833152564234
CLE,TYS,375,14.853717446862087
CVG,GRR,1054,15.75346912583006
DEN,ASE,2989,17.578094740018553
DEN,ABQ,3144,14.20282714931634
DFW,FLL,1723,15.33662149741477
DFW,DTW,2123,16.12555449374891
EWR,SRQ,395,23.46703351666604
FSM,DFW,1320,8.134912346654296
ICT,ORD,2149,15.927617059989261
JNU,ANC,877,14.096903899586177
LEX,ATL,1573,13.335693108389641
MEM,TYS,814,18.419942031153226
ORD,BIL,101,20.3763570524264
PIT,PHL,3075,15.905225572773244
RDU,ORD,2232,16.709390847903762
SDF,RDU,417,12.280149710741728
SDF,IAH,267,12.844889321502796
SJC,LAS,3199,11.090129244357152
TYS,CLE,391,10.992811598449856
YUM,PHX,1428,15.740074367331792
ALB,JFK,308,18.60567015339773
CVG,HSV,632,16.33699401014133
DEN,GCC,509,17.538157271764558
HOU,DEN,789,9.75069119775493
MIA,JAX,117,16.76544859231369
ORF,DTW,802,15.08665482971407
RAP,DEN,1706,11.57393503127357
ABQ,TUS,540,9.516660872739639
ACK,EWR,214,19.14708301104692
CRW,ORD,502,14.584836802384759
DFW,CHS,864,18.475743889405237
DFW,TYS,1058,17.75977429144078
DTW,SAT,536,19.561143199516017
ELP,DEN,794,12.062594685919889
JAC,MSP,117,18.232514460577164
LAX,SJU,107,18.183630031314564
MDW,ABQ,543,11.928886871697111
PHX,SBP,778,19.87660617743525
IAH,SJU,578,18.17807311292418
ANC,CVG,89,16.085107301556736
ATL,BOI,41,19.712416647432818
FAI,MSP,205,16.113058489868184
LAX,BWI,754,15.88162924740844
MDW,SMF,533,12.867632787163613
MEM,FLL,368,18.23882754764686
ATL,ANC,115,18.974726757069007
MCI,ONT,300,12.833799756903963
MKE,STL,313,15.275013539714564
ABQ,OKC,229,12.784336612603536
ICT,LAX,180,13.829695282245158
RSW,BDL,119,15.32443736636915
OKC,AUS,87,12.63379499938968
ASE,SFO,46,15.310728280379024
DCA,SRQ,12,16.52951475671591
BNA,LAS,929,10.181644448331346
BOI,ONT,469,11.677899643384174
BWI,BOS,3474,15.635593051905898
BWI,MIA,686,14.766073253962482
CAE,MEM,510,14.369339133779262
DCA,FLL,1033,18.198365572406637
DCA,TPA,1199,16.535492325793744
DEN,LGA,2356,18.688208609690935
DEN,TUS,1532,16.616200957595694
DFW,CLE,1315,17.284124479792226
FLL,LGA,2346,21.18732467233572
GRR,MKE,907,11.04266448789591
HNL,OGG,8834,10.217900710819043
LAS,ORD,3955,20.88634954180184
LAS,AUS,954,14.871344536769309
LAS,OKC,374,17.353372440840534
LRD,DFW,1025,9.582167362712918
MCI,PIT,260,13.963967467472216
MCO,DTW,2652,16.635762366734415
MCO,MDW,2653,11.814217504593557
MIA,DCA,2169,16.110333445207925
MIA,CLT,2348,15.378160931991822
ORD,BWI,2621,18.97110816732175
PBI,TPA,1017,9.960477895891646
PDX,MSP,1134,16.694113103814516
PDX,SAN,1048,14.38509099719161
PHX,DFW,3948,14.36438967356588
PHX,ELP,3115,13.388255897287959
PHX,ORD,3801,16.416471024387533
RDU,SDF,419,13.291748219437926
RDU,ATL,3925,14.4786993496645
RIC,DFW,754,14.900285963826352
SAT,SAN,469,9.448612552825407
SFO,SEA,4050,18.20312924754058
SFO,SBP,1279,16.259465699711352
SNA,SEA,2183,14.047841430773124
ALB,MDW,544,10.824629486391224
BZN,DEN,963,15.464787675139572
FSM,ATL,480,12.924207386634691
MEM,CVG,1030,16.502620291589245
MSN,DEN,664,12.050181953664406
MSP,STL,1351,19.424575242624115
ORD,GEG,285,18.193522134078766
PHX,MSP,2672,17.3922960745468
PWM,CLE,211,12.428467106959335
RSW,DCA,585,12.215480180970689
FAT,PHX,1231,11.248110784478055
LAS,ALB,273,16.355510572496552
ANC,SCC,270,13.068218484113709
ONT,RNO,271,12.616292569832979
SAN,ABQ,795,11.305124159664363
STX,MIA,261,12.140932202303492
LGA,TYS,437,31.775831447466913
ALB,TPA,297,10.512478140969414
FLL,PNS,142,18.592864140189512
PHX,LIH,239,20.33505160870722
EWR,TUS,184,32.40952955092473
GRR,MCO,120,16.528411264214036
CID,MKE,1,16.44764539051738
ATL,OKC,1347,19.941896861071143
BOS,LGA,8614,20.56969412683707
BWI,DEN,1972,13.19971805881127
CAE,LGA,437,14.20909633453057
CHS,MEM,523,16.60354260892912
IAD,ROA,466,20.91439905991548
IAH,IND,1312,20.068157059409977
IAH,PIT,1281,19.485221573941686
JFK,SJC,382,37.99266184008423
MIA,ATL,4879,16.971156403918926
MKE,PHX,670,16.49143043738387
ORD,JAN,206,17.932929355142136
PDX,SEA,1939,9.882770193522568
PHL,PVD,1843,20.58522446641119
PIT,MDW,1546,11.829467365235832
RIC,CLT,1302,16.547951120500286
SAN,SFO,5011,14.260389234324517
SAN,CVG,479,17.232192655796574
SLC,FCA,1372,20.50620950416061
SMF,ORD,878,15.97503223590128
TPA,DEN,1349,13.773288002084623
TUS,IAH,1266,12.322819084282969
ATL,MCN,599,21.25551604763696
BHM,MCO,939,10.177785556032747
BHM,MDW,532,9.855377860681077
CLT,ORF,1149,19.399357727202993
JFK,LGB,1158,32.82270688320893
LAX,MKE,262,11.701377932424315
MSP,RIC,330,20.478499776095756
PIT,IAD,531,20.292306221887067
SFO,RNO,1435,18.41065987536457
CLT,SJU,610,20.683075628661193
JAX,MCI,224,11.959233266118199
MKE,LAS,388,11.62061624410134
ORD,MQT,228,20.697229909771174
SLC,MTJ,216,19.262518477129273
DTW,SBN,1176,19.046353927338
ISP,FLL,818,9.424919256816114
MEM,CAE,512,17.937419777431295
DTW,JAN,512,20.005035435794284
KOA,SFO,525,13.855356373767629
MSN,MCI,237,14.93320527845431
XNA,LAX,267,12.087791529704688
DAB,CLT,22,15.122637707172032
MDW,BOS,342,13.259770191113232
LAS,MEM,280,21.957060348231476
PDX,CVG,306,13.229859311562883
MSP,RST,714,19.786426590204695
ORD,PSP,344,18.875202829737024
PLN,DCA,1,16.310390488556596
LIT,CVG,49,14.35181732238774
ATL,DCA,5315,19.555420301009576
CMH,BWI,1252,9.245645095941926
DEN,HSV,484,21.505299466135554
DEN,TPA,1339,15.956681004259458
DEN,MSP,3734,15.288538561024415
EWR,SJU,1365,26.858537042343738
GSP,MEM,785,12.874047802295074
GSP,DFW,1042,11.996181240765923
IAH,GSO,774,17.69760912004416
ICT,DFW,1295,11.1329590445475
MCI,CLT,869,12.73322079969139
MCO,IAD,3158,14.7804956093879
MIA,MCO,1607,16.707199707251892
MIA,EWR,2127,20.860280163030037
MYR,ATL,1317,8.607044561021498
OAK,DFW,699,12.855580660769542
ORD,PNS,274,18.317376280606133
PFN,ATL,1885,8.943064555512345
PHX,MCI,1624,14.729886448576098
PSE,MCO,265,13.926444174337735
PSP,DEN,783,12.54361334323696
RDU,BOS,2686,14.904908594633183
SDF,CLE,555,12.464181677547746
TPA,STL,816,11.713429462951948
TUL,DFW,2434,12.289384023718352
BFL,DEN,438,13.284487530566366
BNA,JAX,1055,9.726542909426595
CLE,GRR,781,15.288603989069058
DFW,ROW,691,14.650242800157066
DTW,SFO,961,21.663531073112154
OKC,MSP,429,16.632212766004983
ORD,SPI,752,20.09829166448427
PHX,STL,2083,13.47624468584922
RDM,SLC,536,12.793225110778817
SDF,MIA,269,12.127993463687732
AUS,CLT,378,14.415490455412119
CHS,CLE,150,14.994149574581932
DAY,BWI,708,11.270224162158822
FSD,CVG,406,13.696995427448217
IAH,SHV,792,16.256330065221363
LGA,FNT,274,32.95935158924811
ONT,ABQ,443,12.405334513014983
SLC,MCI,786,20.079940089612904
FAI,SCC,270,8.461968484113708
JFK,BGR,153,31.19128036904624
SRQ,IAH,68,12.812117923020223
ORF,LAS,273,10.083064752063116
MCI,MIA,64,12.419560657161284
BOS,STT,65,16.850694912316403
IND,MIA,209,15.176949478441646
SJC,BFL,1,16.40842970424287
ATL,MDW,2411,18.05478663751174
ATL,ELP,405,21.065560252563486
ATL,XNA,1242,20.379125321142713
BNA,LGA,891,14.209171004161941
CIC,SFO,1023,11.241220796753389
DFW,OMA,1265,15.629528452407898
FLL,ISP,820,14.987160821742973
HNL,PHX,696,16.02121972508899
HOU,LAS,1077,9.486983065586855
IAH,MEM,2310,17.678317760557793
MDW,PIT,1520,11.118363003131456
MLI,DEN,461,10.962485156392146
OGG,KOA,1078,9.546835030954243
ORD,HNL,516,22.066837305505985
PHX,DTW,2222,18.325629363959678
PHX,LAX,7600,14.248997374498874
RIC,MCO,358,11.158896850285261
RIC,DTW,615,15.605759270550957
SLC,SFO,2844,19.652325471636622
TPA,BDL,979,12.891962988256935
TPA,PIT,767,11.741529883618588
BDL,SJU,269,14.902288134534128
DAB,EWR,300,17.316656899761107
EWR,CVG,2178,27.82398111082423
LAS,AMA,274,17.88836393492712
MSY,MCI,455,11.01946517805225
PHX,ATL,3569,17.056874803790105
SEA,IAD,815,16.188242676203917
SGU,LAX,534,12.434640265267786
SPS,DFW,1756,10.104003275147502
TPA,PBI,1017,10.443139564120324
ADK,ANC,71,10.957272024102366
CLE,SAN,84,15.170372499376017
CVG,BWI,909,17.78501555257183
HOU,JAN,986,9.870492195865237
LGA,PHF,575,28.15812786386622
MKE,MKG,262,12.874454855501238
PHX,ANC,269,17.040219169016886
SJC,BOS,254,14.555361562224956
BNA,JFK,319,18.01037917321514
MEM,MLI,478,17.151193020674974
SAT,MEM,712,15.481404087816781
PHX,PVD,274,12.604413317643168
SLC,YKM,336,17.82080288838442
ATL,BZN,49,19.705352675923095
DFW,ANC,152,16.598167895625675
STT,PHL,165,13.161999604262261
FAT,SBA,2,16.150575286853584
BDL,RSW,118,16.118035207835632
CMH,CLT,117,15.262454580337643
MIA,ORF,147,14.384923425971504
ASE,PHX,84,15.036044141167062
CLE,MDT,57,14.671307616040993
COS,LAX,757,15.272403859871607
DEN,PSP,789,18.543301448052905
DTW,MCI,1118,21.644546160031155
HNL,ATL,506,16.40976603402228
HPN,ORD,2663,20.332779179843858
IAD,MDW,1545,14.40678991530808
IAD,BDL,858,19.574702549467386
IAH,MCO,1897,19.19097581659804
IND,LAS,1289,12.651852064911417
LAS,DEN,6097,16.54414021716551
LAS,PIT,1045,18.720392616362
LAX,BNA,1061,12.295976521076856
LAX,PHX,7476,14.277681359941054
MKE,MSP,2539,15.865905722254302
ORD,LAN,969,20.030255068612746
PDX,PHL,285,12.512925119153394
PHL,SYR,254,20.729703667488113
SAT,IAH,2795,13.413999970093633
CMH,PHX,818,12.588513726862196
COS,SLC,808,15.780687546522595
DSM,MSP,732,13.151956412936556
ELP,ONT,380,11.539139337014854
JAX,TPA,761,9.897447490649059
MDW,JAN,508,12.804354686230084
PHX,FLG,1353,18.54371341048923
PWM,BWI,773,12.18083829272951
TPA,DFW,2057,12.647759807743896
TYS,LGA,424,16.2359280905409
ALB,PHL,289,15.188288834561613
CLE,RIC,689,14.140500561456545
CLE,SAV,318,13.969646507924963
CVG,RSW,411,16.993123459688473
CVG,IAH,1371,16.181442586148055
MEM,SFO,176,18.640840331488437
DTW,CLE,920,22.184360737027202
MCI,IAD,174,15.409954977305295
MSP,MYR,27,18.712076817095927
XNA,DTW,265,15.11057115846472
BHM,MEM,646,15.89199700419021
MEM,BDL,48,18.283978723636594
TPA,SWF,232,12.811453598994278
STL,SAT,239,14.207023927046322
IAH,SRQ,67,19.1609394437298
JFK,CMH,400,38.88406647759197
CLT,ABE,294,19.499505566617405
HNL,ANC,160,18.932523404363746
EWR,MTJ,17,20.624327088304273
BGR,CVG,127,17.027287654894838
ANC,DEN,446,13.013769989750779
ATL,ABQ,798,21.98800697513725
AUS,MCI,445,13.173393767507852
BUF,JFK,2651,15.759285418332613
BUF,DTW,1134,18.930599590301004
CID,CVG,636,15.243192295796483
CLT,BDL,1392,19.85563794377003
DTW,STL,1933,18.3851890645065
MCO,MSY,1142,11.712944559493613
MIA,STL,541,15.309356878031112
ORD,CWA,1099,19.259207932912435
SGU,SLC,2002,9.421944402980696
SNA,ATL,1074,19.067464337114224
ERI,DTW,1010,13.66116029709093
MDW,SLC,740,11.8364935631853
MEM,STL,805,19.08284200575016
MSP,INL,71,17.510991032366828
CVG,SGF,240,17.5304479824703
DAL,BHM,795,10.241218834220575
DTW,ORF,806,20.948399433313536
HOU,LAX,1053,9.44408877145638
SJU,STT,241,16.143745412083803
SLC,SBA,503,18.265515216846993
CVG,CID,634,16.30530689315261
IAH,SMF,805,20.171730894639047
SMF,GEG,366,11.09334114162593
PHX,SDF,273,14.206903761351043
RDU,MIA,813,12.924484258304041
DEN,SGF,774,19.44275475111212
LGA,GSP,429,36.64682654471062
SLC,CMH,234,24.080387024353474
BOS,CAK,370,17.635309321229492
CVG,PFN,35,16.903881351957487
RSW,MKE,106,13.537371249464014
FLL,CAK,7,16.979472191515548
MSP,EGE,94,20.852985520252684
CMH,SYR,1,16.32999833169385
CVG,LIT,49,15.604342574912993
ATL,ABY,830,21.256624903314076
AUS,PHL,196,11.129389898034091
BDL,DCA,866,11.18103702501789
CLE,SLC,249,16.611471287345775
DEN,STL,1510,16.487711483920762
DFW,CVG,2337,17.839057358574106
DTW,BOS,1817,21.00740756021231
IND,JFK,113,16.563373711143473
JAX,ATL,4186,14.446607628639374
MHT,ATL,587,17.50993707208224
MSP,ATL,3924,16.563369379697125
OAK,BUR,4043,8.752218400907987
OMA,SLC,515,13.304123743214843
ORD,JAC,422,18.83226676889065
RSW,IAH,802,12.525621965864303
SJC,LAX,6902,12.953082553929283
SJU,JFK,2738,16.632650615106307
ATL,ILM,1459,21.79246515236341
AUS,MSY,443,13.066592119505856
CLE,MCI,925,14.949569143503986
GSO,CVG,824,14.273260772215545
LAX,CLT,1088,12.403189731912466
MEM,CMH,799,19.712402726638853
MSY,MDW,292,8.786052382796452
SBA,DEN,658,11.54495750694405
SYR,DCA,233,13.843921960835287
YUM,LAX,765,11.852552042842193
DFW,SJU,784,18.09332124090694
MSP,ICT,536,19.262508387229328
SJU,IAD,710,15.68398673015314
IAH,ORF,708,17.093443159520298
JFK,BUR,1049,33.41021830292665
MDW,MSY,295,11.196608449033004
ANC,DTW,96,17.690615855591687
PHF,BOS,527,10.777868136770168
PHX,CVG,367,18.239400275578866
EWR,CAE,472,31.21806497110419
IND,FLL,424,16.14732049560419
TPA,BOS,1398,15.360379775494742
WRG,KTN,259,9.763203608143645
AUS,FLL,295,13.187912796859091
ABE,CLT,292,12.815292148878324
CHA,DFW,269,10.118589074972999
SAT,TPA,274,10.243302206532057
PHX,KOA,262,20.294326650373034
ABQ,TPA,273,9.977801594168378
RSW,PIT,107,13.705923024945136
ISP,ATL,204,14.60169257841097
MSP,HDN,94,17.783541075808238
TUS,ELP,87,13.68488988990063
STT,LGA,8,15.94534336062735
ATL,MIA,4893,19.013115499679625
ATL,HNL,509,24.1106080767735
BOI,LAS,571,9.114057834003843
BOS,CLT,2603,18.85971726909777
CLE,FLL,475,15.740628409364547
CLE,LAS,1261,13.423211224192515
CLT,MEM,1818,22.352692673938108
DAL,ABQ,2337,9.44190612271319
DAY,DFW,757,13.30214363682328
DCA,PVD,504,15.310162301293117
DFW,PNS,1492,17.679526533668213
DFW,ICT,1289,15.483069391274373
DTW,DAY,953,19.529242188351333
ELP,IAH,803,13.34563882170737
HNL,LAS,547,16.261021633025774
IAH,GPT,1456,15.652609505256565
JAX,ORD,1301,15.532072475881856
LGA,CLE,2179,30.831238185247365
MCI,MSP,1682,14.807638519004842
MCO,DFW,3033,13.657096955860002
MIA,CLE,304,16.219858516712957
MSY,MCO,1144,8.692487365926622
ORD,MCO,2799,18.602607902743554
ORD,CHA,555,18.66087589242378
PHX,SEA,3891,15.129365621648411
PHX,CLE,866,13.33169204685195
PSC,SLC,1236,10.874673339748357
PVD,TPA,783,10.16426160254068
PVD,DTW,897,17.17405482039745
SDF,DFW,1053,12.833934646343053
SMX,LAX,1279,10.7891872948957
BDL,CLE,401,14.1016184366217
BUF,ORD,2493,15.657817504882575
BWI,CLT,2714,15.15080677095383
DCA,SEA,546,16.414144152544274
FCA,SLC,1366,13.139710391890103
MEM,DCA,777,18.884921299777975
MKE,SAN,106,12.389935352028118
DEN,TYS,418,21.454764775462365
DTW,JAX,463,22.241383849739545
HOU,ELP,762,9.449297924773875
COS,SFO,272,17.223074269926666
OTZ,OME,501,6.729273892770211
TPA,DTW,1135,16.506185582207923
TVC,DEN,87,12.95496288260136
BUF,RSW,221,15.86653105135198
DCA,PIT,228,14.481402571641677
GUC,DEN,611,14.800045257059587
PVD,JFK,444,19.242570677968395
ABQ,MSP,507,15.884793384050964
DFW,MKE,559,16.37410495060162
DCA,XNA,203,17.58826053326635
KTN,SIT,272,13.45288793452294
RDU,AUS,229,14.268207580345472
BDL,PBI,279,15.607385759624275
MOD,LAX,669,10.51019459654574
HSV,LGA,67,16.460084742875097
ORD,MTJ,13,16.298887538355338
SFO,BZN,26,18.60302519626824
ATL,ORF,2085,21.604604175604866
ATL,COS,492,22.577176964790382
BNA,OAK,273,10.25953534029841
BNA,MCO,1369,9.974510158503444
BUR,DFW,967,13.981150358816507
CLT,CLE,1426,20.12251349249078
DAY,DEN,651,12.379215285187428
DFW,MTJ,216,15.484322988407468
DFW,AUS,3915,15.02517778434209
EWR,SAV,840,32.64250552237796
IAH,SEA,1815,18.79401067823935
LAS,ONT,2701,14.47903668299396
LFT,IAH,1973,13.58666827232644
MCO,JFK,4044,17.56590862601768
MLB,ATL,1436,12.315497923900663
MSY,HOU,2705,7.956018117936982
MSY,CLT,1061,11.813528276252374
ONT,OAK,2793,8.245807215939637
ORF,DFW,791,13.515850077189521
ORF,IAD,712,14.680879153433578
PHX,SJC,3083,13.250823464703602
SAN,LAS,4295,12.947256597218962
SLC,ABQ,1745,17.707983239507737
VPS,DFW,1448,11.34568085107903
BUF,BOS,522,15.462989361741935
EWR,MHT,935,26.853634431387196
GRR,DEN,342,13.04038243601119
HSV,ATL,1881,16.706799541644944
JFK,CLE,947,36.17936801897331
LAX,GEG,428,16.86366090986692
MSP,RSW,487,20.778081778242807
MSP,DSM,666,22.20367306552568
MSP,MSO,189,19.777531024754758
MSY,PHX,271,9.335918738057279
PHX,CLT,1629,15.086855220319467
SJC,DEN,2631,11.695572515821107
VLD,ATL,676,9.070013656909623
CVG,SAV,541,17.454872952481196
CVG,LAN,476,15.37610249984104
DTW,SYR,787,21.423930603245385
FLL,MSP,363,22.270774612388347
IAH,GRR,522,18.590611739364313
PBI,SWF,355,12.947728184978732
SDF,TPA,393,10.241151049472656
CLE,BTV,437,15.449342741101411
MCI,SLC,789,13.986686430174478
MEM,CHA,334,17.37195290342809
AUS,MAF,375,11.159599799803264
LAS,ANC,222,23.032462922486715
DEN,RSW,221,13.855460940650872
EWR,MDW,257,28.266546954125037
LGA,HSV,63,23.520618716074214
SAT,OKC,87,12.787079670922529
RSW,CMH,84,15.536044141167062
CMX,MSP,167,15.74575997657321
MYR,MSP,27,15.140648245667355
ATL,BHM,2038,19.52578061059214
ATL,SJC,499,22.063442467971562
ATL,PVD,1055,22.782651506711662
CHO,ATL,600,12.070507561409826
DCA,ATL,5314,17.359401550133555
DTW,MYR,229,20.90261618249601
GRR,DFW,594,14.290108563534762
IAD,CAE,1211,21.35038058280443
IAH,AUS,2754,19.064846617302564
IAH,BRO,1075,16.356293257703456
JFK,SFO,4965,36.448021917231586
JFK,CVG,971,39.35732606749891
LAX,SFO,10064,15.451634359790033
MCI,DEN,3866,11.245615402174767
MDW,DTW,2340,12.206623395362504
MKE,CVG,800,15.145682252842809
MSP,SJC,542,18.78856404546687
ONT,SMF,2873,8.006099868257403
ORD,ATL,5304,20.433475889973174
ORD,BOS,5093,19.445621216199957
PHL,SLC,517,20.54643723971144
RSW,JFK,1398,14.881098007538942
SAV,IAH,734,13.017640197597432
SLC,DTW,387,23.894347631387614
SLC,PDX,2514,17.29205534903135
DTW,SAN,436,21.032571841391743
GRR,ORD,2603,17.732314329029922
LAX,XNA,262,15.989839470885855
LAX,PSP,1952,14.204210746711482
MEM,FSM,281,19.70039249219452
PSP,LAS,998,12.040868239424034
STL,BWI,1275,9.636852765974632
BWI,AUS,545,11.409798176330062
BWI,SLC,545,13.734167924229222
DCA,JFK,1961,20.335072061122023
DFW,MFE,1041,15.029174990757458
JFK,PDX,528,45.4720240742498
XNA,MSP,508,14.840196980136893
EWN,ATL,597,9.582426452730118
EWR,BDL,633,26.392137503537903
MEM,TLH,799,17.93030614242213
DTW,LNK,221,18.135903745078917
SMF,HNL,274,13.342067638630823
CLT,AUS,386,24.426215401184372
LIH,SFO,367,12.385683249199968
ACV,CEC,255,10.415835786611103
RSW,BUF,223,14.746629724968448
ORD,HDN,176,19.003672189895518
CAE,IAH,123,13.085722051539806
SDF,BOS,78,16.365858710284268
MCO,SAN,13,15.838570078037877
AZO,DTW,960,13.669138529620184
BOS,RSW,1307,19.12220332713072
BTR,DFW,2068,10.325226588723506
CAE,IAD,981,14.727284107581365
CLT,BHM,410,22.399630249818234
DAL,TUL,1716,9.786426905388668
DCA,ALB,225,15.115745145150496
DCA,SYR,234,14.798696883508404
DTW,TVC,992,19.458569975927436
DTW,ROC,793,21.19671401532193
FLL,BWI,2019,16.162315086958138
IAD,GSP,495,22.421706265901626
IND,DEN,1576,11.99866538432742
JAX,FLL,1383,9.535122062049119
JFK,BQN,516,20.626907976884077
LEX,CVG,1169,13.041698043409669
LGA,BNA,898,27.38800623936328
LIT,DAL,1733,7.999343754860565
MDW,PVD,1032,11.377846501771153
MKE,OMA,452,14.784521742861328
MSN,ORD,3494,17.088270292019295
MSP,ABQ,505,17.63392777462412
OTZ,ANC,256,7.783757891883615
RDU,JFK,2714,17.652977537958172
SFO,BOS,2023,20.356888526250067
SMF,SLC,1252,13.492956923898914
SNA,PDX,1061,15.713618285253274
SRQ,ATL,2514,11.297905583040713
TPA,ATL,5436,13.783235493058035
CLE,MIA,304,15.94867207603499
CLT,ROC,312,15.703950041205488
DEN,HOU,788,12.211014218277311
DEN,HDN,984,17.876044405141574
IAD,SMF,270,21.21821848411371
MSY,DCA,333,11.537414921452706
PHX,OMA,1569,14.947393400195422
SAN,MCI,521,12.819316838732727
SAN,SEA,2098,17.3164943737972
STL,CLE,687,10.439389301107717
DEN,FSD,1083,16.50911731237104
DTW,DSM,726,19.658285972830395
CDC,SLC,490,11.416351694289606
DLG,ANC,111,9.725651645443394
LAS,LGB,666,19.77071217167093
MDW,SRQ,394,11.835202511072943
MSP,CHS,27,18.76402486904398
MSP,RHI,136,16.859300617830034
HSV,MCO,246,11.881182144987791
SFO,AUS,420,20.103893435992312
BJI,MSP,73,13.315690365173872
JAX,CLE,115,12.568666151008403
LIT,MSP,152,18.528860964932605
LAS,DAY,41,16.07505401007018
DAY,LAS,43,15.654085106627809
SRQ,BOS,23,14.942875546799813
MDT,LGA,2,18.150575286853584
ACK,JFK,205,18.615019274181908
ATL,MEI,497,18.05087735816524
AUS,EWR,709,18.507022285792342
BWI,ORF,1303,10.118869116715732
CHS,LGA,967,18.498357831776193
DAL,AMA,1961,9.286340086979804
DAY,ORD,1442,18.855113883992217
DLH,MSP,1079,12.365659800634532
LAX,SMX,1278,17.229540598581618
LGA,DTW,3469,29.550676304324064
MCO,PFN,192,15.900123615356968
OKC,ATL,1342,12.380624938876714
ORD,LNK,999,20.415471796869767
PHL,IAH,1288,15.13066510830821
PVD,BWI,2998,10.085574119067056
PVD,DCA,497,13.378116846282243
RDU,BDL,862,12.847401222496039
RIC,CLE,686,12.763355862658134
SAV,LGA,704,17.982533043655685
SFO,EUG,1340,18.18045317619884
SLC,LAX,3894,16.599094806013284
SLC,SGU,2007,15.191458393250553
ATL,BGR,259,20.53666639131517
CLE,LGA,2196,22.351215456329648
DAY,CLE,634,13.651798121222788
DTW,LAX,1243,22.079528163121722
IAD,OAK,666,20.548645132564786
MEM,LGA,1238,20.446296517792227
PHX,GJT,761,18.93567190495239
RHI,MSP,135,11.97205359414263
SBA,PHX,1236,11.833460275984748
SJC,ATL,486,13.255279692008184
ABQ,OAK,760,9.262752981378256
BOS,JAX,538,22.637465841694535
CLE,SEA,215,14.72011288647693
LGA,PIT,943,29.314028111698274
SLC,CDC,489,13.109146409863426
DRO,PHX,605,12.24706857239143
LWB,ATL,151,11.879750820479535
TUS,DEN,1525,10.956717406296118
HSV,DTW,516,13.289452146495384
FLL,LAX,358,18.149092928716634
PDX,ABQ,274,10.150709613939464
LAX,TPA,403,18.42125809032315
BOS,SJC,247,19.945555269078742
CVG,COS,102,16.827828387607806
CID,MSP,299,14.853380845032627
HDN,DFW,106,16.806602018694782
BIL,SLC,1503,11.261319970969986
BOS,SJU,1050,17.578027195378535
BUF,CVG,156,18.149659781147506
BUF,MDW,929,9.931389085716432
BWI,ROC,671,12.16065175439166
CLE,CLT,1431,14.42932472310357
CVG,EWR,2199,20.84563357710822
DAL,AUS,4420,10.236650987677043
EWR,RIC,1134,31.254079320030733
GEG,SEA,3271,11.806332404371089
GNV,ATL,1478,9.137977693008107
IAH,MCI,1765,18.014231358080654
LAS,CMH,1075,17.411404368814566
MEI,ATL,495,12.467577825534654
MEM,TPA,664,17.555784194560765
MEM,PIT,760,18.186209771501712
MOB,DFW,1030,9.009101773070729
OGG,HNL,9101,6.974738270671663
ORD,LGA,7392,23.326771017860306
ORD,SBN,1555,19.857837953218933
ORD,PHL,4728,20.70507114167358
PDX,MFR,1202,9.19874593843162
PDX,EWR,504,13.09716591140142
PHX,DEN,6183,13.455291178391846
SAT,BNA,508,9.61080629913331
SHV,DFW,2655,8.210288323444136
SMF,MCI,273,10.138792306242681
DFW,JAC,194,16.05258161850978
MCO,BUF,1397,12.208590127792942
MCO,HOU,1315,10.735406531074275
ORF,BNA,143,10.641605776768841
SEA,PHL,561,16.729672528504725
SFO,EWR,2321,18.236115527168447
TPA,PNS,135,13.858540080629115
TPA,AUS,274,11.31737628060613
TUL,MEM,787,17.410788428812886
CLE,IAD,1130,17.553245690607106
EWR,OMA,747,31.51170629224139
HSV,IAH,787,12.78832725796462
JFK,BNA,264,33.28608253158085
LGA,CAK,567,26.965688678956866
SLC,MDW,742,11.633623629944934
IAH,LEX,488,18.11306675635016
IAH,GSP,704,19.16290439644083
ROC,MCO,484,14.039007331304095
SFO,KOA,536,20.148173916239568
SLC,RDM,538,18.275220943735352
BDL,PHX,271,15.211308146156968
IAH,AEX,242,19.653527105878037
JAX,RDU,585,11.887921125852577
BUF,DCA,231,14.088362686535183
FLL,SLC,228,19.79075508962729
PWM,BOS,2,16.45826759454589
IAH,CAE,123,20.241791415701655
ATL,MOB,1708,19.9993344225918
ATL,SRQ,2525,19.27838054948209
CLE,OMA,419,14.394093635216176
CMH,DTW,1449,15.885810483599991
CVG,ATL,2014,16.41173929986259
DEN,CAK,592,15.649267780243592
DEN,GEG,1008,15.221956441319836
GSO,LGA,636,18.70091824331835
IAD,ATL,3910,18.707027756292014
IAH,XNA,1079,18.34263057122798
IAH,DFW,4112,18.775547793108213
IAH,CLE,1580,19.731797493813733
LAS,SEA,3787,18.3054026361523
MCO,BWI,3669,11.62942455362097
MCO,ISP,1591,11.005990197999017
MCO,DCA,1348,14.825343286778532
MDW,BWI,2081,11.284293718872073
MDW,ALB,540,11.592932059180317
OMA,MDW,1528,9.182401720479332
ORD,MSN,3440,18.33347562031988
PHL,IND,728,29.260706831512064
RDU,PHX,582,12.189604295753776
RDU,CMH,403,12.935606876195115
SAV,ATL,2942,13.181427110600398
SDF,ORD,2515,17.776152013612627
SGF,ORD,1864,16.648813957636566
SNA,ORD,1941,19.288714171228722
STL,TPA,808,11.148985914820964
VPS,ATL,2208,12.152271884373953
DFW,SYR,176,16.884203163346843
EUG,SLC,529,13.34512938672951
MKE,PIT,899,15.900769141113157
PHX,MKE,669,18.89684271893795
PSG,JNU,263,9.354089185036377
SFO,MDW,812,13.835069506863558
CVG,ALB,731,18.906312311032504
IDA,MSP,234,16.791654629987278
LAS,PVD,273,15.850866609648257
MGM,MEM,779,13.841773118113856
CAE,DTW,520,15.655841955993662
DSM,PHX,565,13.450129942953474
HOU,PHX,1252,9.145798705772954
KOA,SEA,274,17.1198454164086
LAS,ISP,274,16.52416640406292
SAV,DFW,594,13.342903594590663
LGB,RNO,454,12.559186339119815
SJU,LAX,108,14.53689819567333
OTH,SFO,168,14.499219793194433
FLL,RIC,272,20.235496630175113
LAS,BFL,100,19.918866099442575
LAX,MOD,652,17.697763411561805
GUC,DFW,90,14.76307082083133
HDN,ATL,79,18.820386937336327
LIT,CLT,23,15.230546779676525
AMA,DAL,1967,8.102543339076046
ATL,AUS,1714,22.62405323974852
AUS,IAD,619,15.877174760712087
BDL,ATL,1533,17.020739049220712
BUR,SJC,2489,10.203950340652378
BWI,BNA,1897,10.547421630670975
CLT,DTW,2049,19.746464942790084
DAY,MCO,290,13.255382102695256
DEN,IND,1574,15.376126794899253
DTW,CVG,2502,19.044604198634946
EWR,AUS,702,33.27902914217604
FLL,CLT,2215,15.510300183186043
GRK,DFW,2174,8.469797623613482
HNL,LIH,8163,10.385465714710383
IAH,BOS,1389,21.629485694868926
IND,DTW,2018,18.333573459824173
LAS,OAK,3708,14.544393271664818
MCO,EWR,3765,20.125774551747412
MEM,CHS,522,17.062639711392286
MHT,CVG,590,16.118484242056855
MKE,MEM,608,16.710987712638886
MSP,SAN,1008,18.064111450771634
MSP,HNL,273,20.69606784803835
ORD,LEX,1542,19.76559668022386
ORD,COS,1123,19.797808964123092
SLC,PSC,1241,18.979728826426324
AEX,ATL,722,11.716100926057496
ANC,SFO,175,15.025910732961718
ATL,JAC,106,21.04378150587427
CVG,AZO,57,15.428316961835385
DCA,MSN,189,15.597614706763123
DSM,CVG,735,12.29659861772788
DTW,ROA,535,21.4697947263528
IND,CLE,489,14.431966446969177
MIA,SJU,1856,18.942722935423078
MSP,PHL,1264,19.530311959601512
PIT,TPA,765,11.899177809713358
SAN,HNL,301,15.931139358736145
CHS,ORD,997,16.13259781749416
CVG,CMH,644,16.146728984029377
HNL,MSP,273,20.553652987357236
SLC,BTM,515,18.8439467520644
CAK,LGA,573,14.677094566478951
OGG,DFW,271,11.987009080736406
RDU,LAS,544,10.587255749017487
SAN,BOI,475,11.213009361745499
SLC,ASE,386,22.93768329109263
CMH,BOS,533,12.25013707532828
IAH,AVL,359,18.124278520577963
SAV,CVG,536,15.18401009371397
SAN,OKC,305,11.444591309623624
BWI,LGA,7,18.41806868274362
MSY,IAD,388,11.762168755516864
TUL,AUS,87,12.560802298659754
MDT,MSP,145,18.886307255981468
CLT,CMH,118,17.207320922121347
ATL,EGE,92,19.963590950115396
ATL,CAK,2819,18.257521754937745
BWI,OKC,272,12.629906568063312
CLE,AUS,374,16.601013950274496
CLT,JFK,1423,24.170285074620764
CVG,MIA,821,17.85629152114396
DEN,IAD,2212,16.476494215259233
DEN,MFR,273,19.417430077140516
DTW,CHS,580,20.831476055422836
IAH,EWR,2916,21.52556639073378
ICT,MEM,801,14.056204365354157
LAX,PHL,1745,14.506869033379603
LAX,OXR,962,16.99390307798062
LGA,MEM,1260,29.8113205457377
LGB,PHX,1244,16.344536255731366
MCI,IAH,1777,12.730612980249802
MEM,ICT,806,18.03134335854718
MKE,MCO,526,13.079565824507617
ORD,PDX,1834,20.129952184138208
ORD,RNO,270,21.286968484113707
ORD,SNA,1960,18.87056214672457
PHX,MRY,653,19.797766593053183
SMF,LAS,3097,10.545544936420841
TUL,IAH,1582,12.13041048708112
TUL,DTW,535,18.05441011096818
BNA,HOU,1121,9.915311626743286
BNA,MSP,578,15.087308781713991
DFW,SJC,1685,15.530161334245756
MSO,ORD,103,15.639411208603832
STL,SDF,743,9.472673284888256
BHM,DFW,959,12.672774940452316
CVG,FLL,567,16.94623973244147
DSM,MEM,546,12.419177709591253
JAX,DFW,1029,13.39465237712362
OKC,SAN,302,13.564857712830644
TYS,IAH,1009,11.774154782735021
PSP,SEA,465,13.428795951293955
ANC,OTZ,525,12.234486808550239
MSP,AVL,272,17.042950046324183
SEA,MEM,334,19.470911236761424
SRQ,CLT,146,13.738928137328502
BDL,MIA,271,15.021276993508993
BNA,BHM,513,10.163108197009567
EWR,GSO,754,30.865460093179585
TRI,CVG,178,12.793113661913974
MSP,PSP,121,17.893742192493487
MTJ,ORD,14,15.981717420568536
EGE,CVG,28,19.99781942200495
FLL,ROC,114,15.066036066563331
MIA,EGE,36,15.591045522283562
PWM,MSP,42,15.900325162134633
ABE,ATL,596,13.419241354359732
ABQ,PHX,3966,11.631929759690335
ATL,TYS,1675,19.08222024053124
BNA,ORD,2727,16.193672997809287
BOS,IND,683,23.452701111754962
BWI,MCO,3684,11.30284679028291
CLE,TPA,696,15.87376664197907
CLT,MCO,2475,18.410229669273818
FAI,BRW,266,9.195664287710084
FLL,DFW,1715,16.604436212417216
IAD,CLE,1137,22.025972969601
ICT,ATL,2318,11.957276146501853
JFK,TPA,2530,33.37861624609162
JFK,MCO,4051,33.751238701515824
JFK,ORD,2624,38.941222855241726
LAS,PDX,2730,18.202816516156975
LAX,OGG,1542,16.391224820927377
LFT,DFW,861,11.497069061379129
LGB,SLC,1857,14.543696861518818
MEM,DEN,1256,16.832947867470434
ORD,PIT,2740,18.39277057882308
ORD,MLI,1849,18.385903062093938
ORD,SMF,876,20.3043519599529
PHX,IND,1090,15.611254311330164
SFO,IAH,1978,15.837687334771394
SLC,SNA,1460,18.921079413851913
SMF,PDX,1890,9.026200987070302
SMF,DFW,1040,12.903513683409528
SNA,SMF,1892,8.447904178638716
SYR,CLT,576,13.202603697949499
ANC,LAS,221,16.549187877920247
BNA,DCA,981,12.015353942692906
CVG,TYS,756,17.599044559449613
DEN,MCO,2335,15.851501012543558
MOB,IAH,1118,12.514409173729783
SLE,SLC,466,12.867887432008501
TXK,DFW,923,9.13343259498087
ABQ,MDW,541,9.251827267202009
CVG,BDL,901,16.75271284428642
DEN,MEM,1263,20.09583390321126
SIT,KTN,266,11.743132642140463
IAH,RIC,720,17.39848040898232
LAX,YUM,751,13.762584163441183
OKC,BWI,273,9.556748962589431
RSW,LGA,207,16.66470784014158
TPA,ALB,296,11.872340794556031
ICT,IAH,1173,11.747203528140954
ONT,MCI,301,12.865612293209079
ROA,ORD,459,15.180412406515496
MDW,AUS,544,12.05190221366395
GSO,MSP,265,17.853428301321863
CLE,MSY,41,15.437691372707542
SAT,MSP,190,15.332624645484943
OMA,MCO,9,15.47169347315909
EVV,CVG,134,12.352336494110796
MKE,MCI,2,16.862113748392044
AUS,DAL,4388,10.11239971043632
AUS,JFK,1042,17.13445962904431
BOS,ORD,5048,19.51232442426763
BWI,PVD,3004,10.586388315296787
CMI,ORD,1804,14.879088411497511
DFW,BOS,2233,16.337639034128948
LAS,SAN,4282,15.271198041301103
LAX,DEN,6691,14.476313590701139
LAX,KOA,776,17.17170691878497
ONT,SFO,1217,13.804127793935585
PDX,GEG,982,9.407780925306577
PIT,CVG,1069,16.93461118401822
RDU,DTW,1012,16.753135513103942
SLC,IDA,1337,18.916243630076703
MSP,BOI,609,17.794886062088597
ONT,TUL,228,12.150467319843116
RSW,CLT,1315,11.70024169590944
SNA,EWR,701,12.123608408676946
STL,PHX,2079,12.329182674925498
DEN,MKE,1148,18.004031648511173
LAS,JAX,142,15.900155806856178
PHX,OKC,1251,14.753135983794301
SLC,PHL,517,24.481181507789042
HSV,IAD,501,14.164845580610502
MSY,BOS,153,15.910492191706336
BGR,MSP,10,15.980498581939772
MSN,ATL,280,13.784333075504202
CLT,ALB,703,18.046254867086834
SAT,RDU,228,12.668452931353908
DFW,CHA,272,17.24791899042356
SLC,MSY,238,20.315381649015233
GSO,MCO,19,15.026520506034585
DTW,MSY,68,18.956185719630394
MSP,JAX,156,16.329271431632943
ELP,SLC,120,15.163705381861096
ATL,TLH,1719,21.858581071179415
ATL,MGM,1817,19.91260306101574
BNA,MCI,991,10.141046988392302
BUF,FLL,501,12.219292041590538
CAK,ATL,2813,13.020897630079073
CID,DTW,697,13.836452362672539
CLE,BNA,942,13.702449511004422
CLE,EWR,1554,20.62458224121969
DAY,ATL,3148,13.352041874582985
DCA,DTW,2234,16.266125181662165
DCA,IAH,2196,14.70517805650774
DFW,OKC,2105,14.792032443116653
FAR,DEN,958,13.296458248924987
FLL,BOS,1888,20.968436488604947
HPN,MCO,1039,15.644471914523772
IAD,CVG,690,20.548418803941065
IAD,SFO,2331,19.004548473295415
LAS,BWI,1258,17.064090149018643
LAX,SBA,3445,16.671482092966063
LIT,MDW,288,9.289437618095818
MCO,MIA,1610,16.008331274046014
MEM,AUS,684,18.460258739668102
MLU,ATL,730,10.57414091655947
MSY,IAH,3169,12.4578533441803
MYR,EWR,228,17.93823710401578
OAK,SLC,2316,10.777611967420281
OKC,DAL,1268,8.14630494303216
OMA,STL,774,9.219453780238334
ORD,MIA,2392,18.345139195297456
ORD,CMH,3423,19.149389552236215
ORD,BNA,2884,19.40962164789243
PDX,RDM,1274,9.432650993139266
ROC,CVG,667,16.56322163865605
SFO,RDD,1284,16.46538974131663
STL,MDW,2756,9.508492485715035
STT,MIA,534,12.593886840610251
BTV,ATL,356,15.275443140188145
BUF,EWR,1110,17.45674992665206
DEN,EGE,1274,17.375249180450442
LGB,LAS,666,17.24836580295585
MFR,PDX,1199,9.1527861608618
MKE,SEA,122,12.324592528583642
SAN,TUS,1066,10.974757988276332
TLH,CLT,232,15.240531613178677
BDL,MEM,48,17.37581545833047
CLT,JAX,1893,19.91190422795491
CVG,SNA,203,17.777983853424452
HNL,SLC,272,17.421832033901822
HOU,MDW,1521,9.364627571557216
IAH,TLH,475,16.68348555222169
SBA,LAS,210,13.341653518909178
BOS,PDX,272,21.850403462473253
MCI,TUS,233,12.790918427266384
BNA,ORF,144,11.679535643898898
BOS,SAN,508,20.564211317054458
HOU,FLL,527,9.72587506917918
IAD,ABQ,270,26.33071848411371
ASE,LAX,259,12.49135894794947
RSW,FNT,93,14.42538402039431
TOL,ATL,114,14.992865334856013
RSW,MEM,43,16.922902310928887
SLC,FAR,95,17.695378723561284
MCO,EYW,35,15.374469587251603
GTF,MSP,188,13.23037779376633
ATL,FLL,5621,18.716245797022815
ATL,MYR,1319,22.698926161370625
BHM,ORD,1158,17.488269797116214
BMI,ORD,1508,16.26497427144826
BOI,PDX,769,8.865482191595099
BOI,GEG,776,8.814564061642114
BTR,IAH,1406,13.473097469035979
BUF,ATL,2691,14.652254620545927
BWI,PHX,1595,12.960990829736405
DEN,RAP,1716,17.632972771753334
DFW,GSP,1047,17.53220593884812
DTW,ELM,975,19.914956014552573
EWR,MCO,3776,27.01014895842038
GEG,ONT,439,11.337075490626559
GRB,DTW,980,15.224106713511055
GSP,EWR,746,15.303806425774356
IAH,PNS,471,16.28950079638462
JAC,DEN,1168,15.162421933428888
JFK,SYR,1395,33.49330789959612
KOA,LAX,774,12.48765766373348
LAS,GEG,567,16.691782682198358
LAS,IAD,1323,17.554136864469328
MIA,BOS,1621,16.975960451775215
MSP,CLE,1501,18.460883246238804
MSP,MKE,2671,18.31636527560323
OAK,SAN,4338,9.105704173864263
ORD,SJU,846,19.27213160146918
ORD,TUL,1520,18.65849039166649
RNO,ORD,270,16.89009348411371
SAT,HRL,486,9.061249841261915
SNA,OAK,2869,10.359653961944634
SYR,DTW,787,19.42990431889652
TPA,CAK,265,12.666126714020274
TPA,MSY,813,10.62320963489732
TPA,PHX,777,13.108621420696961
ATL,GRR,1005,21.12495726532359
ATL,TUS,507,21.303105771842706
BGR,BOS,592,15.459236627595619
BHM,LGA,647,17.622424555116766
DEN,BFL,441,19.48234198557309
DFW,TUS,1929,15.820025222292262
DFW,HSV,1348,16.471266033559647
MSP,MOT,812,16.38611359039024
MSP,BOS,1206,20.03091553735381
SFO,BUR,1392,16.92151866499056
SLC,CVG,1247,20.987532702325666
TUS,LAS,1788,9.903063065786935
CLE,JFK,958,20.69229158225832
CVG,TUL,717,17.39352009767456
IAD,LGB,570,20.911015991800625
MSY,AUS,441,10.49456194483989
OMA,LAS,818,9.593122021793071
SJU,DFW,779,12.933449837052336
CDV,YAK,267,8.967917712669989
IAH,SDF,297,16.097492550191316
CLT,MDT,799,20.963286118865003
JAN,MCO,288,9.052751227563274
PHX,IAD,556,16.082227582370276
TUL,ONT,227,11.62393471088948
CVG,CRW,141,15.093350339876368
EWR,PWM,653,27.393783662754462
ORF,MIA,148,13.882979368264577
ELP,TUS,88,12.556738513886858
BFL,SLC,371,12.683681508114933
BOI,LAX,824,11.710331710430648
CAE,EWR,469,15.623949739723288
CLT,SAV,1114,17.57803257295222
DAL,SAT,3710,9.563252636945847
DFW,SAV,603,18.702649180576397
EWR,PBI,2139,27.741356745050886
EWR,SFO,2057,30.545244382969333
EWR,TUL,257,39.654169103962175
GPT,ATL,2520,11.350128371562796
JAX,JFK,786,17.289270233153573
LAX,MCO,1304,17.73990392534445
LBB,DFW,2364,8.825530205019216
MDW,LAS,2926,11.212980482162765
MEM,DTW,1691,18.63172309874577
MEM,SAV,549,18.502220225236037
MIA,RDU,813,15.414634895615743
ORD,LAX,5209,19.126988004357553
ORD,PIA,2345,17.966943597042334
PHL,JAX,1233,24.33268114958409
PHL,SEA,559,26.556370960453837
PHX,SNA,4128,13.813985139999135
SAT,ATL,2242,13.413102057118842
SFO,MRY,1731,16.627641726511165
BQN,EWR,272,12.080217127069522
CVG,LAS,692,15.222142742474915
DTW,PBI,364,20.861908007044413
HOU,ATL,2704,12.193111806432965
IND,BDL,432,17.28180480273109
IND,BOS,695,17.03064418109582
LGB,IAD,570,14.736822443413526
LWS,SLC,471,10.498713848208036
MIA,PHX,268,17.348521745020083
PIT,LGA,671,19.905450644821617
PWM,MCO,384,13.488087361558495
HNL,SMF,274,15.771079984309836
MKE,MQT,249,13.628193695372529
MSP,FAI,205,20.53658790163289
SEA,HNL,1207,17.56708823780142
BDL,IAD,969,16.239283527886542
LAS,SBA,210,21.680115057370717
PHL,JFK,545,27.31399985700233
CVG,ABE,247,19.278888602412078
HOU,JFK,729,16.73277267640101
VPS,CVG,100,13.985532766109243
BOS,PHF,530,15.063499853304116
SJU,CLT,607,14.39852346258202
IND,SAT,145,15.76835853803275
ORF,MCO,567,9.450291596298843
BNA,SEA,272,10.605061847566418
SAN,MCO,13,15.40999864946645
MLI,LAS,51,15.008216979370161
SRQ,IND,105,12.560192999460558
DCA,BTR,129,17.3565917034435
ORF,BDL,1,16.60450813561542
IAH,HOU,1,16.32999833169385
XNA,CVG,82,15.491135719063532
BDL,MDW,764,10.387997438472219
CHS,CLT,842,18.703845196094605
CLT,CVG,729,21.162811187312435
CVG,SYR,732,15.910268433396913
DEN,JAC,1056,15.25572325037648
DFW,JAX,1036,14.582716312077704
DFW,ORD,5969,17.81522344491051
DFW,LRD,1030,14.528546217515173
DFW,VPS,1466,17.373898360762787
DTW,PIT,1219,20.693325386064924
FLG,PHX,1348,15.521337564317873
IAD,ORF,640,20.97801436944404
IAH,MAF,786,16.71989224272295
IAH,COS,1261,17.99834471008115
IND,CVG,406,15.896556830956989
JAX,DCA,632,11.725557059994703
LAS,IAH,1990,15.5950146641747
LAX,IPL,489,15.023803181663055
LAX,RNO,1596,12.604392414894525
MSP,RDU,542,16.655118099520923
PHL,MDW,1975,20.63892835304513
PHL,PBI,1448,24.96650862143951
PIT,IAH,1281,16.655770033746347
SJC,SEA,2732,11.282109962227313
SLC,SUN,2217,14.79877808333321
TPA,CLT,2090,12.490574726596442
ATL,FAY,1534,21.891306764467416
ATL,LYH,465,20.671514397895898
DCA,JAN,218,15.973245951180548
DFW,SMF,1046,16.004406856675537
DFW,COS,1484,16.23913293019321
EUG,LAX,304,11.18596021162821
HNL,ORD,520,15.85408757002875
LAS,PSP,992,14.951852125639526
ONT,JFK,238,13.589687204570787
BFL,LAS,100,14.145532766109243
CLT,MIA,2347,21.700805137637207
EWR,BHM,480,40.98647153757809
IAD,SAN,1038,21.9272333776805
LAS,MIA,597,14.046104968958867
OAK,TUS,274,9.916141712704896
PHL,MEM,736,23.47942737266716
COS,ORD,1104,17.22342280322044
ORD,SAV,872,19.661420732013436
RSW,ORD,498,14.337280866635743
DTW,ATW,708,18.631701734718188
HLN,DEN,230,12.974392553272809
LAX,LIH,772,17.002226173864216
LCH,IAH,771,14.959597947523005
PHL,RSW,929,24.338947819117863
RST,MSP,690,12.729499885022145
LAS,BHM,272,15.0212109158894
MCO,FNT,363,15.78409180367164
STT,BOS,62,14.659195668896306
IAH,HDN,95,20.164344240802663
LAX,JAC,13,17.997300236768037
ANC,BET,764,12.061216111690893
BTV,ORD,542,15.312212694115518
BUF,PHX,271,10.005700669521453
BUR,SMF,2588,10.052247882834111
CLT,MKE,237,23.734599006677307
DEN,GJT,1822,17.23655444172884
LAS,RNO,3458,13.913577512803988
LAX,CVG,909,19.281365917535336
LGA,DEN,2368,28.226976805176335
MCI,LAX,1019,10.250542483551344
MCO,RDU,1293,11.593320859952634
MIA,SEA,272,17.67338482893288
MKE,CMH,863,16.1422014402151
MSP,SLC,1674,16.40535377895382
MSP,DLH,1081,16.525932727600697
ORD,PWM,280,19.905545196716325
ORD,FCA,104,19.369025421534975
PBI,PHL,1448,12.762903815030965
SAN,SJC,3952,11.677868544456869
SEA,PHX,3874,16.30653157872487
SLC,OKC,557,18.983245329351544
ABQ,SEA,546,9.565150863953669
ACT,DFW,1561,9.237634956496827
CVG,PIT,1071,17.724201529809445
DEN,TUL,1107,16.285937696556946
MIA,PHL,1660,18.61627480404467
PIT,DEN,757,14.748240291098373
SEA,CLE,214,12.7039011928651
CVG,OMA,747,16.499159240798477
DEN,CMH,529,15.91680468897476
JFK,MSY,772,32.30392933688125
BWI,BUF,1822,10.439011706686104
CLT,IND,941,19.68600395047062
IAH,DAY,607,19.129117069887954
LIT,MEM,692,15.553679130615077
SAN,AUS,531,11.598674552351785
BZN,LAX,11,15.42344122813748
MCI,ABQ,507,10.699874173997104
PIT,BOS,509,15.886994481066882
MEM,RIC,211,20.52042112994784
TUS,MSP,331,14.251522086394717
IAD,BNA,183,22.82330435586432
CLT,PNS,350,19.722074787290968
EGE,LAX,94,16.477985520252684
GRB,ATL,90,11.834499392259902
ATL,MCO,7098,18.591050631633518
ATL,SEA,2074,21.804063048454044
ATL,FNT,2356,18.42303820237589
ATL,FLO,459,21.33561869335243
BNA,BWI,1903,9.941029142302297
BWI,MSP,796,16.02698571503119
CLE,MSN,224,15.386240565388272
CLE,DAY,640,15.104101325965779
CLT,TPA,2085,18.050505814949126
CLT,PIT,1706,19.305711796649422
CMH,BNA,512,9.247028318356561
CVG,DFW,2335,16.47875468130666
DEN,PHX,6154,14.66696162393881
DFW,IAD,1420,15.138659806065569
DFW,GPT,856,16.633366352004842
IAH,SAN,1805,19.08616167920021
LAS,BOS,1097,19.20647769391141
MCO,RSW,1066,10.581388812649092
MEM,MCO,1105,16.598121138455745
MHT,CLE,897,16.460221663058487
MSP,MCI,1588,20.16473132778778
PDX,ORD,1702,14.099788764221682
PIA,ORD,2337,15.405458699168992
SLC,DEN,6852,16.115014476226655
SLC,LAS,4032,15.267229278519448
SLC,ATL,2193,20.02845738516112
SNA,DEN,2364,14.87938273194548
CAK,BOS,370,11.028166464086635
CLE,ALB,803,15.251852186302916
CLL,DFW,820,9.307850476915387
DEN,XNA,505,18.851945792642137
GPT,MEM,799,13.231837355614118
HNL,LAX,3775,17.118386905860493
JAC,SLC,1145,17.055924614992794
PIT,DFW,1534,11.644463330123981
TYS,DEN,418,12.818012638710227
BZN,SLC,1578,13.699526974764366
CVG,JAX,855,16.784342447421423
FAT,SLC,660,11.89271819002308
MEM,OMA,586,18.001304897667275
BTV,MSP,74,15.313144475132148
HSV,DFW,1334,12.137160343147679
SJC,IAD,242,14.564486009987625
FLL,BDL,438,19.720962940402433
MEM,GRR,265,17.755015602909165
MSN,EWR,219,18.11089187701259
SFO,ABQ,410,18.582238945470404
SJC,HNL,272,13.893881723342815
RSW,CVG,410,15.158325901992145
LMT,SFO,165,12.120139139145984
PHL,ALB,292,26.844531914960196
CLT,STX,18,19.350439925240977
IAD,GSO,154,21.582499582923464
LAX,EGE,92,15.843872640256242
MSY,CLE,40,13.809221276848737
ATL,SLC,2194,19.305182671531366
BDL,CLT,1376,15.545462773433652
BFL,SMF,226,11.354456213465168
BNA,DEN,1844,12.440776090240965
BOI,RNO,768,8.756515788406341
CLE,MCO,1526,14.161694108449485
CLT,LAX,1087,21.654203970902714
DAL,ELP,1685,9.463878913496476
DCA,MSP,1661,17.743909944428047
DCA,JAX,636,16.46913981766237
DEN,SEA,4916,15.193884396882074
DTW,LAS,1548,20.879743376042796
FAR,ORD,958,16.005783645750384
IND,DFW,1566,13.52526603645816
JFK,AUS,1028,35.19371977264971
LNK,DEN,941,9.972583163386869
MSP,DTW,4151,19.322263726473786
MSP,EWR,2352,22.89210237923247
MSP,CLT,1380,18.25023070973174
ORD,SYR,1777,20.089124200829986
ORD,JFK,2654,24.87234834131523
ORD,FAR,973,20.41430099209813
PHL,DTW,2018,23.902238837000187
PHX,ONT,4346,12.943546386468697
PHX,SBA,1240,19.058007685981696
SAN,SMF,3469,11.366533081817671
SFO,PSP,1203,17.13553863919903
VPS,MEM,810,14.357941761530682
ANC,LAX,235,13.620455841811882
DCA,DFW,2888,15.422338296431718
DTW,PVD,899,20.34439400939556
DTW,IAD,1289,21.892330033544724
JAX,BNA,1055,9.718398113046504
JFK,OAK,878,35.553696029004726
MEM,BTR,773,19.65592942274166
MEM,BNA,763,18.95920038735103
ORD,HSV,432,17.8876139313618
SEA,STL,445,16.819858413972497
STL,CLT,868,13.818986835420901
CVG,CLE,409,18.380893060820014
DCA,DEN,1085,17.124079220190648
LAX,BFL,649,17.448969835359637
MCI,OKC,866,10.272740081786448
MKE,SFO,111,12.694595744822275
MSY,BWI,294,9.08962184568717
OAK,BOI,494,10.10814322594924
SLC,EUG,532,19.69386583318967
BGR,JFK,151,16.82999957669844
AUS,CVG,550,14.449716524860644
CLT,SDF,567,25.07265788479155
DSM,LGA,494,16.121010873008064
LAX,DCA,274,20.795771342334525
PWM,DTW,65,17.737651434055532
FLL,LAS,519,17.58318086980033
OMA,SAN,312,13.590690372697201
SDF,PHX,273,10.587708714911413
MCI,SEA,273,10.296687043084788
CAK,ORD,711,17.89333760172981
RSW,STL,260,13.541386822310924
BOS,MYR,45,18.892946472804066
JAX,DEN,118,14.558511398311824
CVG,BGR,126,17.48198815293401
ASE,ATL,6,16.711248480649754
SAN,BFL,221,12.38313621740364
ATL,LGA,7752,21.877060999092077
CAK,TPA,265,11.653428301321862
DEN,SLC,6571,15.326209019017728
DEN,OMA,2110,15.462884219868698
DTW,FLL,971,20.44449550922271
DTW,CMH,1454,21.30906244342845
FLL,MSY,413,15.388401544095867
FSD,ORD,1268,15.863300390680111
IAD,MSP,547,20.346448768704164
IND,PHX,1086,13.212878446229213
LGA,CVG,2671,31.650801144768973
MCI,ATL,3032,14.10020438511239
MSN,LGA,416,18.173454753039458
PDX,PHX,2963,11.843952842653962
PHL,RDU,2450,20.203131965966556
PIT,ATL,3339,16.807562677756383
SAN,OAK,4311,11.398722750496765
SAT,ELP,1003,8.97324778244671
SEA,BNA,274,15.53342566332218
SMF,IAH,802,11.308485815629561
SNA,PHX,4089,14.21377866994839
CAE,DFW,857,12.002017546765586
CAK,DTW,748,16.20780691092279
DFW,BDL,787,16.371361905515396
GSO,CLE,145,12.39912776880198
HPN,PBI,783,14.919363643357007
IAD,LGA,729,29.425969082049278
MDW,BUF,931,11.269959138548813
RSW,DFW,627,12.160753197808548
SAN,MSP,1012,19.687222142105824
SBN,ORD,1541,14.480094226848767
STL,FLL,371,11.505534239706382
CLL,IAH,251,12.202092740586002
MCO,ABQ,545,11.164420025069557
MSP,IDA,242,19.756266831905435
AUS,ONT,304,13.97409580484855
DFW,ROC,172,18.27851313025399
HOU,STL,994,9.583170416586578
PVD,ATL,1044,16.440429538314795
RNO,MDW,273,9.767275278378905
SAT,DTW,537,16.25183971876727
BHM,CVG,431,13.631663024774193
HOU,SAN,270,10.046343484113708
SLC,BWI,545,19.179546075489725
GRR,DCA,224,14.079671222322578
SLC,CLE,253,26.167755494773555
SLC,LGA,22,18.6643043738387
FSD,ATL,130,13.793499527313257
JFK,TUS,131,33.010110027162355
ABQ,BWI,411,9.333687451011684
DFW,SJT,1248,14.79262705309429
DFW,ABI,1999,15.081420163453581
FSD,MSP,1413,14.760649292492404
HPN,DTW,482,20.636898336309
IND,MKE,510,13.858624848064977
LAN,CVG,478,14.793238475220429
MDW,OMA,1529,11.2734831633416
RDU,IAH,1509,13.516888976854641
TPA,EWR,2199,18.98569582699706
ATL,AEX,725,20.735264406343724
ATL,SYR,1062,21.302904599744952
AUS,ELP,1025,10.387748758061756
BNA,ATL,2233,17.733171228609894
CMH,LAS,1058,11.583781511657389
CVG,MKE,794,15.551931178810884
DCA,HSV,407,17.29284445277109
ELM,DTW,976,13.51250479036685
GSP,IAD,606,15.472301699567662
HOU,MAF,495,9.47675213746126
LAX,CLE,778,14.37419071849805
MEM,MGM,787,19.454993924631285
MSP,TVC,265,16.672475920369482
ONT,OKC,231,12.006512152727353
SAN,FAT,580,10.617190341137121
SLC,SJC,1027,19.400027776152633
TUL,ABQ,229,13.071074963858015
BUF,MCO,1400,10.408158562011302
CPR,DEN,1145,12.173916246791956
DAY,MSP,508,16.25955181884657
DCA,MEM,779,17.37132679724534
DFW,RNO,791,16.187669339971922
HNL,SEA,1208,19.039610425211755
IAH,TYS,1023,17.340941206818627
IND,RDU,498,17.72779181554085
MCI,CVG,1135,16.00998305056235
RSW,IND,814,12.67688647559767
STL,LGA,1153,15.841920128775051
RSW,MSP,490,15.766351694289606
DHN,ATL,1030,9.437805476774432
TUS,SMF,465,11.33947556294444
DCA,PBI,670,17.144208215161648
OKC,MCI,879,8.304445548887392
STL,ABQ,271,10.289189766094662
DSM,LAX,175,15.55924406629505
ATL,STX,64,24.805525569441986
SCC,ANC,268,8.298207279611278
ATL,FSD,134,17.352336494110794
SRQ,STL,37,13.710688677199842
CVG,CAK,39,16.234043987824567
ABQ,SAT,424,11.83930361796706
ATL,PBI,3100,19.280898385687742
ATL,BUF,2695,18.780265907073364
ATL,JAN,1968,21.544514328501677
ATL,IAD,3813,21.26943564973243
ATW,ORD,1587,14.048765983455336
BNA,BDL,272,10.72928545005089
BPT,IAH,255,11.389606278414382
BTV,JFK,1755,17.54007197502293
BWI,DTW,2398,13.980322677661922
CLT,EWR,4128,25.688566279300236
DCA,STL,923,13.813802584703378
DEN,DCA,1090,15.436692907821392
DFW,MIA,2423,17.397424146751472
JFK,FLL,3533,34.2712335793794
JFK,LAX,6011,34.24729086205517
LAS,LAX,8911,17.691756490895703
LGB,ORD,494,16.76439322594924
LIH,LAX,767,11.817417276519445
MCO,STL,1870,11.647828080685619
MDW,BHM,542,11.805455937358762
MKE,GRB,580,13.323539547486329
MOB,MEM,777,11.950217551289464
PBI,ATL,3097,13.881738136293736
PHX,MFR,298,18.404683663552834
SEA,BUR,1041,17.60937664061997
SFO,LAX,10303,17.786325694476616
SFO,LIH,372,18.717606433451152
SFO,PHL,1932,17.986291581693433
SNA,DFW,2648,13.85353221457242
STL,DCA,926,12.511096224299576
TPA,ISP,816,10.97670890867943
XNA,DEN,506,13.90616891172012
BOI,ORD,589,13.721173575768994
CLT,GSO,657,22.926209214874664
CVG,ANC,90,14.577356535117046
EWR,GRR,436,22.83504097719421
ITO,OGG,274,9.132191095420945
MDW,RSW,835,11.87325414114846
OMA,MSP,973,14.354672448598619
PSG,WRG,258,10.155291931546708
RNO,LAX,1596,13.001719267871438
RSW,BOS,1308,14.664086829835336
SAN,BNA,543,11.99296781604787
COS,MCI,173,15.734663295589176
CVG,DAY,564,15.582784877713985
DFW,LFT,873,18.24033576914018
DFW,GRR,596,17.111191818756016
DTW,MHT,692,20.072547055143378
GSO,CLT,658,18.77094620750902
IAH,HRL,297,14.07443779514809
MEM,SAN,108,17.22677161339485
MIA,MSP,707,17.625931195398135
SBA,DFW,267,12.109873548632134
SJU,BDL,272,13.514999735765176
DFW,EGE,329,17.73569898394825
FLL,ORD,1308,18.99472011407687
FLL,CVG,572,21.790723335878436
FLL,PVD,273,16.7734672288433
ONT,BNA,273,9.39266227528293
RSW,EWR,1458,17.889144505912725
EGE,DFW,333,21.79328959508195
IAH,HSV,786,17.471088414971753
SFO,CEC,505,17.491585432281777
TPA,FNT,117,13.669640209080157
WRG,PSG,261,9.073408086547866
BTR,ORD,199,16.894899256692316
CVG,GRB,439,16.678588783060096
ATL,CHO,600,20.35666140756367
SLC,RKS,167,14.782626336020213
TUL,LAS,299,9.976590014087067
DEN,HNL,273,18.234767538440828
TOL,CVG,21,14.039857956568822
MCO,TPA,1,16.624115978752673
MTJ,LAX,14,15.637967420568536
DEN,RFD,286,19.06794617534639
FSD,PIA,1,16.251566959144828
ATL,DFW,7143,19.689118575686972
ATL,PHF,3013,18.382575878196665
AVP,ORD,485,15.296878345638106
BOI,OAK,489,9.302096317099048
BOS,SEA,751,24.12712848304168
CLT,MYR,1627,17.829952245030643
DAY,MKE,444,11.2587650099522
DEN,DFW,6165,14.813005617846562
DEN,ANC,446,17.558124828460457
IND,TPA,1256,12.535857515249914
JAX,DTW,465,16.6967571163425
JAX,MSY,466,11.945406811853463
MDW,BNA,2257,11.033302954016639
MSP,GFK,1019,17.147642577096715
MSP,OMA,973,19.253988186624035
ORD,LGB,499,19.768360500758448
ORD,MCI,2801,17.846660790921216
PHF,ATL,2994,10.991074216463991
RDU,JAX,589,13.563114107850371
SAT,MCO,562,9.751356070124816
SDF,MDW,1257,9.88357300299647
SEA,TUS,350,18.287074787290965
SEA,OAK,3846,14.567974824157183
SFO,SAN,4679,14.91072740852535
SFO,STL,435,18.40377302044616
SJC,LGB,395,13.156921157115477
SWF,DTW,528,19.229809541377833
TPA,ORD,1697,16.39772748421087
TPA,ABQ,273,11.497925433177667
BNA,MDW,2233,9.737551430099161
CLT,IAD,2224,21.30775282098346
EUG,PHX,361,13.607858673762498
HSV,MEM,789,13.775720995132762
KOA,PHX,258,13.012434788689566
MIA,MEM,593,16.610932993649126
MSP,BDL,721,17.396666556311786
PDX,CLT,135,12.426107648196682
PIA,ATL,517,16.063192089799625
PSC,DEN,751,11.480436847586
RSW,DTW,889,14.366166043574427
SMF,LGB,539,12.42925282668317
TPA,MHT,556,11.75714507411945
ATL,STT,350,23.357074787290966
CMH,EWR,1245,16.620718081016516
MSP,BJI,74,16.547015442874084
OAK,ABQ,749,9.984768354088093
ONT,ATL,632,15.88098227993605
SAT,MSY,426,12.266449401084847
BWI,BTV,341,12.587800293903802
MCO,SEA,543,16.406121273046182
SHV,ORD,203,13.18114590876042
ADQ,ANC,515,7.288194539675021
IAH,CLL,253,15.600098729096986
MAF,ABQ,273,9.206903761351041
COS,LAS,98,14.688039965651258
ALB,CLT,674,14.945897672536447
BZN,ORD,281,18.911872854732287
CWA,DTW,307,12.512128613211168
SWF,PBI,355,13.172419543003425
DAL,HRL,24,14.11932317454576
BHM,RDU,157,12.289033405393171
DAB,BWI,30,14.035373936454828
MIA,RIC,147,13.694568096022266
SAV,CHS,1,16.36921401796836
ATW,MSP,87,15.22503587530209
ABQ,SLC,1742,11.400016693591734
ATL,ORD,5574,22.75317032626536
ATL,TUL,1482,20.091925531929757
EWR,SYR,854,27.609325127119895
HDN,DEN,991,17.126637766490283
IAH,MKE,1222,18.487287668959425
JFK,CLT,1392,34.90556859564243
LAS,MCO,890,19.55832969671956
LAS,SFO,5285,18.00690345171816
LAX,OAK,5814,10.110475769937992
MAF,DAL,1492,8.173041449362119
MDW,STL,2783,11.16901867805026
ORD,PHX,3823,19.42107666277211
SEA,RNO,629,14.038041111806166
STL,LAS,1213,10.81855100151733
TUL,PHX,769,9.351440677553585
TUS,SAT,239,11.708754030852548
ATL,CID,262,18.71419844524483
CLE,PBI,285,16.41143258183996
ELP,AUS,1013,8.712916194653234
HOU,OAK,517,9.627565987506856
IAD,SEA,816,19.788487199672502
LSE,ORD,1112,13.026531768430626
MKE,DAY,445,14.464302858416943
OKC,STL,516,8.959063453915878
TPA,DCA,1199,12.493859019148427
CVG,TPA,825,17.040948474190156
JAC,DFW,193,20.18860047290694
LAX,CMH,48,19.549284846085573
MCO,TYS,125,14.993313799522207
ORD,RIC,1369,19.472043632781105
MCO,LAS,886,12.970972131320925
MEM,PNS,803,20.04434925547056
SEA,MCI,272,14.29450284135524
ANC,ATL,114,16.755060456807232
AUS,ABQ,432,12.966452105635657
BOS,SLC,538,22.222499855299976
DFW,ORF,799,15.654687767863825
LAS,MKE,388,17.66627834455796
MCO,DAY,289,13.949350781464268
RNO,BOI,769,9.013223339336248
FLL,PIT,628,17.59119456477343
JFK,SAN,1208,37.24946734095102
MEM,MSN,263,15.766229760116252
FCA,SFO,12,15.61015991800623
LGA,DAB,152,31.67242532136825
IND,SRQ,104,14.797596850106405
GSO,IAD,157,14.931545482687856
ABQ,DEN,3145,10.70041624880012
AGS,ATL,1657,11.155143476811006
ATL,PFN,1892,21.188377917052723
ATL,GTR,702,19.876103610261154
DFW,SAT,3833,15.093698149605045
DTW,IAH,2113,18.010554745684875
EWR,IND,1256,27.21656195629126
IAH,PHL,1289,21.75192674751037
IAH,CRP,374,15.122240365368837
LIH,HNL,7888,6.985491296915645
MHT,TPA,551,11.527171239461541
MSN,DTW,1188,15.764806070207097
PIT,FLL,357,14.15683025777982
SFO,HNL,1766,17.437681671209464
EWR,JAX,1208,29.140564320283296
FLL,BNA,555,16.576578371762622
GFK,MSP,1019,11.920327329201484
LAS,EUG,154,20.876617229982287
MEM,SDF,607,18.91602726775706
MYR,DTW,227,13.808050234355186
OKC,EWR,261,14.520353424168446
SLC,MSO,1396,19.878858862321152
DFW,CAE,868,17.642516247185608
DTW,PIA,509,19.139230617023948
SEA,ONT,1044,17.52178237195282
DTW,ANC,95,21.564344240802665
OME,OTZ,246,8.063614577420225
SLC,TUS,1206,18.201297702958907
OKC,ONT,229,13.985053458481671
HNL,DEN,274,17.789598502828355
PIA,DFW,441,10.777657667854148
MFR,DEN,273,13.370990448657544
PIT,MCI,263,18.580926245739256
CVG,HPN,32,17.571096523370564
SRQ,DTW,190,13.857624645484943
OAK,ATL,88,14.592970397944828
ATL,ISP,208,19.10011594928832
IAH,CHS,26,16.03723572258403
ATL,SAT,2250,21.33079561518104
ATL,SHV,1297,21.543303574548172
AVP,DTW,525,16.460573765071977
BOS,ORF,237,23.14923315301877
BWI,ISP,1822,10.457174099848498
CLE,BHM,264,14.31156023858722
CVG,LAX,907,15.065652993643038
DAL,LIT,1743,9.882782997722469
DTW,BUF,1137,20.64686597718314
DTW,CAK,754,19.862972530990533
HRL,SAT,493,7.299870929864431
IAD,PVD,310,23.980083096989965
IAH,BHM,1714,16.431876369000218
IAH,DSM,506,15.920557400928754
LAS,MDW,2911,13.888831447117996
LAX,DFW,4814,16.76908509763906
MEM,COS,117,16.172634221056207
MGM,ATL,1811,11.622154709788493
MSP,DEN,4005,16.451006144245717
MSY,RDU,469,10.695240683846603
OAK,LAS,3634,9.64327630698056
OAK,PHX,3164,10.65022710482775
ORD,ALB,1333,18.79814165937555
PBI,HPN,780,12.344373391465526
PHL,PIT,2349,21.005348026226088
PHL,CLT,2576,24.212044902862296
PHX,JFK,1731,17.93028069338371
PIT,JFK,1724,20.582767708521075
PVD,PHL,1839,13.688634152946737
RDU,MSP,541,15.955718976169859
SHV,IAH,795,10.563112325344836
STL,ATL,2894,14.876640596099316
TVC,DTW,990,16.354644148958066
ABQ,MAF,273,9.596996640608007
CVG,MEM,1036,15.900395870088754
DFW,OAK,701,15.941184973257506
DSM,DEN,1267,12.040873132054964
DTW,OMA,959,20.119752145605933
MDT,DTW,395,16.3209661009357
OAK,MDW,1321,9.845973679734783
PHL,CLE,498,21.904799114810924
SAN,COS,474,11.60272884526028
BWI,MEM,648,16.04273626778852
GRB,MQT,229,9.33272370937773
IAH,HNL,541,16.640998163987117
SLC,RAP,569,23.691163028944082
FWA,DTW,859,13.960208927300755
GEG,OAK,540,10.386152398163368
IAH,OAK,722,20.622836677352833
JAC,ORD,314,17.609422843176887
PHL,MKE,542,18.199037018439842
SAN,OGG,278,15.426310716208496
SFO,PIT,277,14.739541024209133
VPS,ORD,225,17.104836054241407
COD,SLC,539,11.183072860639026
GSP,ORD,1043,15.595452804132101
LYH,ATL,462,9.800449052571068
MEM,LAS,279,17.327750501265612
MIA,DEN,639,17.406139208877192
CVG,AVP,194,17.1632373562147
SDF,MEM,603,14.809846730346687
SJU,CLE,27,15.244544349563458
CLE,IND,100,16.458866099442574
DAB,LGA,148,15.448635933921143
SBP,MFR,1,16.36921401796836
MSP,ATW,88,19.31760807910425
AEX,DFW,781,9.856594362113583
BDL,MSP,793,16.649857550316
BGM,DTW,525,15.161443330289368
CLE,DFW,1291,14.465943262428327
GRR,MSP,1204,13.52219291460637
GST,JNU,83,12.916014397867567
IAH,ORD,4066,20.662495120242074
IAH,ABQ,1679,19.3081723047521
IAH,TUL,1578,18.027536802774193
IAH,LCH,773,16.759210103179086
LAX,SEA,5377,16.673268825302447
LGA,RDU,3063,31.948226763545254
MCO,MEM,1109,16.5762121785301
MKE,EWR,1836,18.763960718407414
OAK,LAX,5818,11.25389057854744
ORD,AZO,1744,18.26857854789096
ORD,AUS,1968,18.632224933060648
ORD,CLT,4344,18.345887554600907
PHX,MDW,2100,10.454804611589017
SEA,PDX,1932,10.609399553439145
TUS,OMA,220,12.41418487006069
ATL,EVV,864,20.45933251084944
ATL,AVP,482,21.943289313752608
EWR,DAB,305,25.238957506806724
FNT,MCO,363,15.108547009482777
JFK,BUF,2652,31.580618029206654
MFR,SFO,1967,10.544288505164296
PIT,SFO,280,13.608575499746626
TUL,MCI,627,8.716144630600276
TYS,EWR,487,16.511787551054724
ONT,IAH,807,13.246009235608385
FWA,DFW,491,10.713179140326039
MSY,FLL,413,9.256652084052671
OGG,ITO,274,7.635277515174032
STL,RDU,258,13.75594128219606
ABQ,MCI,507,9.358761068072507
ANC,DFW,151,15.55636773590242
DEN,CLE,776,15.878728710552526
EWR,ORF,293,27.320203833575473
SBP,SLC,280,10.984333075504201
BOI,ATL,40,15.14255461018207
JAN,CVG,118,13.493035207835632
MSP,ALB,53,18.444950630256177
ATL,SWF,1420,21.54478225504516
ATL,SAV,2944,19.637885743125047
AUS,HOU,1716,10.768306860088554
BUR,LAS,3817,11.883069540966224
BUR,DEN,735,14.37303173874699
BWI,JFK,839,23.432879544337894
BWI,RDU,1562,10.541457763595773
CRW,IAH,492,11.603007223092964
DAL,STL,2017,9.670938517134198
FAR,MSP,1311,14.249691340864354
IAH,OKC,1889,17.97309433466549
JFK,BOS,5359,35.67218153353973
JFK,PWM,1374,33.65086370429522
LAX,EWR,2453,17.1849100738779
LAX,FAT,3060,16.73756588904064
MKE,DCA,121,14.85865447319524
ORD,ICT,2153,18.87690872215905
RNO,LAS,3471,10.182570268365915
SAT,ORD,1416,14.715436504035734
SJT,DFW,1247,8.101642185748949
SLC,BOS,535,22.594581051139123
ATL,FWA,755,21.786124117908557
CLE,LAX,779,13.83815430026102
DEN,FLL,717,16.252711753476383
DEN,BZN,954,18.602420233980464
EVV,ORD,1381,13.663752561087621
JFK,PBI,1888,29.157806973641065
MEM,SHV,790,20.221226089186175
MHT,EWR,958,23.165505867972605
TPA,SLC,258,14.051395827650607
DCA,PHX,794,18.008092316251645
FLL,HOU,526,16.824357491174283
INL,MSP,71,13.246528222449474
AUS,MDW,544,11.107457769219506
BHM,IAD,238,15.683437204570787
LIT,PHX,234,10.105034911677416
BZN,ATL,45,17.07189384122512
TYS,MCO,124,12.843850085726357
STL,BHM,273,10.197615835654446
DEN,PIA,271,19.23934552933454
MIA,STX,263,15.344504520499639
ATL,GRB,91,17.77184336820132
FAR,SLC,95,13.64710286149232
IAH,PSP,211,19.148773620369298
PHX,ASE,85,19.013554925306565
ABE,DTW,735,15.97175785339667
ABQ,LAX,1804,10.958915811713261
AEX,IAH,240,14.913206603159955
ATL,IND,2610,18.845424780043754
CLT,FLL,2470,21.660646791633486
DEN,ATL,4542,16.364727768927782
DEN,PDX,3423,15.01809096312018
DFW,STL,2663,14.395809036091554
DTW,DFW,2114,16.66350735439759
DTW,SAV,355,20.5822960862133
IAD,CLT,1962,24.309060593894824
IAH,LGA,2469,23.368332637918375
JFK,PIT,1711,37.85169217201384
LAX,ELP,792,9.415474958333
MCI,DFW,2073,12.611318848288454
MCO,LGA,2454,17.69601833662795
MDT,CVG,746,12.312600395623601
MEM,JAX,620,18.04899987300953
MIA,TLH,619,15.608116464747962
MSP,COS,448,18.021746817101178
PNS,DFW,1482,10.51490203323524
RDU,LGA,2770,22.788592168410066
RNO,SLC,1316,12.227547521900723
SBN,ATL,763,11.060061395961116
SGF,MEM,777,14.088065193369271
TLH,IAH,476,10.146064477027352
XNA,DFW,1996,11.879193506801753
XNA,MEM,773,15.12616028543911
AUS,SEA,148,13.347625832911042
GPT,ORD,204,13.188306751639317
JAN,MEM,776,14.295193601593688
MKE,LGA,400,13.588510922036415
PHX,DCA,808,17.60469687053192
RNO,LGB,458,12.452421092355092
SEA,BOI,818,14.32353676833685
STL,JFK,565,17.00947953644941
CVG,FSD,407,15.912100470276558
DCA,CVG,1378,17.553102181313996
LAX,MEM,540,15.526830364265063
SAT,CLE,228,13.020970916965418
DFW,FSM,1321,16.484193956904733
JNU,KTN,265,15.12009496798853
SLC,MFR,545,18.808117504061155
SAN,STL,268,17.11896199659241
TUS,EWR,186,12.020465741171128
MSP,JAC,117,17.975029430637044
HNL,PDX,546,18.410788447846286
MDW,RNO,271,10.980778551141391
JAN,DCA,212,12.655839369909872
MSY,SLC,238,12.999409426793008
LAS,YUM,96,16.90979393778347
DEN,JAX,118,15.177559017359442
MDW,EWR,257,20.7388596577081
ACV,SLC,213,12.090608041507172
ATL,LAS,3656,20.294611417948296
BHM,STL,274,10.024166404062921
BOS,LAX,1803,20.12187259304716
BOS,IAD,3078,20.169382965126722
DAL,MAF,1498,9.767331986380094
DEN,MDW,3194,13.270601083513066
DFW,BNA,2073,14.77052751526914
DTW,RSW,887,21.010490837690913
DTW,LEX,1210,18.464150726124117
EWR,MSP,2352,27.73057032261298
EWR,BUF,1127,27.696541983786226
IAH,BNA,1942,17.414071242427905
LEX,ORD,1538,15.75681984566523
MCO,AUS,439,13.59678919205805
OAK,BOS,390,14.235977079355424
OKC,DFW,2100,12.157595309263435
ORD,DCA,5132,18.534123873970742
ORD,DEN,4312,18.24159328631737
PDX,MDW,683,10.077530579694935
PHL,MCO,5286,21.348543837128258
PHX,DSM,564,22.32056989400063
PHX,EUG,370,18.98292836884854
PNS,ATL,3313,11.027900658613259
RSW,ATL,3124,12.732460590710897
SBP,LAX,2177,11.206030496145662
SJC,MSP,541,15.619001548081872
SPI,ORD,749,14.410300268981711
BOS,DEN,1594,17.86911795311216
DEN,PSC,753,19.323573991178563
JAN,DTW,516,14.077438012219764
MBS,ORD,911,15.296389089403108
MEM,MOB,789,20.916364618493905
PHX,COS,1031,17.775050800107667
SNA,IAH,1405,12.448680353894424
TPA,BHM,798,10.845318295891966
BNA,MEM,756,16.974975080541423
CVG,RIC,669,18.503240493625018
DFW,LAW,1664,16.242024454443634
MOD,SFO,1185,10.856542441227843
OGG,SFO,717,12.334849954258653
DCA,SLC,271,20.329688208462265
FLL,SYR,244,19.802142567742813
OKC,CVG,601,14.412949178058966
BOS,AUS,273,20.86015453534485
BQN,MCO,394,12.202319628190061
DTW,SHV,254,17.26588787801443
MSP,GSO,272,24.344192282349027
SGF,CVG,238,15.304964982348565
BFL,SAN,222,10.249374687192597
GRK,IAH,501,14.086805653205783
LAS,ORF,273,16.457677755159093
PIT,SLC,216,16.60838313878341
EWR,STT,187,32.492953227495306
CLE,LEX,15,16.04353715255979
STX,ATL,60,17.48027195378533
FNT,LAS,90,12.384499392259903
ATL,MTJ,25,18.877732198885152
ALB,DTW,807,18.54122510491994
ANC,ORD,461,13.41649689807512
ATL,MSY,3357,18.349524483391953
AUS,SFO,421,14.422144193028423
BNA,DFW,2072,11.752040487708005
BWI,STL,1265,11.043216665335656
BWI,TPA,2600,11.21804902449675
BWI,SAN,543,12.59667776545765
CLT,RDU,1745,17.710211651764002
CRP,DFW,1763,9.801891844962155
IAH,LAS,1999,19.551893565112927
LAX,LAS,8975,15.135604422705418
MEM,MSP,2168,17.259165876878445
MKE,ORD,2433,17.564168310477804
MKE,BNA,532,15.049535936282451
ORD,CVG,4207,20.065734065049654
ORD,DAY,1423,19.33797007122633
PDX,DTW,158,17.037643821713395
PHX,AUS,2084,14.433847195368504
ATL,DSM,775,20.110096866565318
ELP,LBB,272,9.219968679864554
EUG,PDX,1209,7.964916532896257
HOU,AUS,1705,9.02668371220307
MDW,SAT,533,12.052881500714214
MEM,IND,799,19.052803197781373
PVD,MDW,1029,10.411334490191276
BNA,MKE,531,12.26993100674077
CVG,DSM,737,15.913379815649792
ORD,CPR,111,19.27223549637507
SLC,MSP,1666,20.42356055647808
DSM,MKE,469,11.240520067276275
TPA,CVG,821,14.780516549846597
FLL,CLE,474,19.837461669687762
IAH,BPT,258,14.148798425053204
SAT,MCI,567,13.340080899378261
SLC,PSP,714,17.38459412947171
LEX,MEM,164,13.62537343418872
CVG,MSN,100,15.205532766109242
MFR,SLC,543,12.252664274732524
ABQ,CVG,260,14.515580370698022
SFO,MEM,175,18.194799621850606
BOS,SRQ,23,17.326437190635428
MCI,CMH,157,14.786617946455973
HDN,IAH,96,19.334451472030043
SAT,TUL,87,13.057152663623258
DCA,CMH,76,16.87166599139989
LGA,STT,9,16.658134151125193
ATL,PHX,3549,20.25307860931269
ATL,DTW,4173,19.962071966591612
ATL,BNA,2233,19.61534380854857
ATL,CAE,1768,22.389345387742786
BDL,DFW,779,14.292919077100587
DEN,AUS,2003,14.463628794406423
DEN,BOS,1654,17.798022250537787
DFW,BUR,997,15.716169928286902
DFW,RIC,760,15.402259154217761
EWR,IAD,1378,29.59441870792464
FAT,LAX,3030,10.13565906328454
GRB,ORD,2561,13.496296405559704
HOU,ABQ,756,9.951401879548866
LAS,CVG,690,18.97409447961674
LGA,DFW,3681,27.86379788660316
MDT,IAD,641,13.727684392064235
MDW,PHX,2111,11.528380340081624
MKE,DTW,1435,17.206619471324167
MYR,CLT,1624,15.647449172590434
ORD,FWA,2128,19.493034855333512
PHL,SFO,1653,26.42503224598731
RNO,PDX,882,9.401105058923163
SFO,JFK,5261,20.935385033876177
SLC,SEA,2797,17.50011588160042
TUS,PHX,2640,13.825587328965199
DEN,ELP,797,18.132030596123244
DTW,LAN,1294,19.93811749621755
GSO,MEM,771,16.15204618138415
LAS,CLE,1267,16.18362180327744
LGB,BOS,625,14.501970244320573
OKC,IAH,1897,11.94392907802588
ONT,GEG,440,12.313938601870177
PBI,CLT,1364,11.378946191595748
PBI,DFW,591,12.901450725298576
STL,BOS,646,12.775617693845383
DCA,RSW,586,15.232436973138974
DEN,DTW,2161,16.676539988655083
JFK,ONT,237,36.37919830981319
MLI,MSP,374,13.549127157821667
MOB,ORD,200,14.387319659665545
MSY,ORD,1039,14.246859426002192
OKC,LAS,378,9.880443726440156
RSW,BWI,927,10.629303904725063
SLC,COD,538,17.128962440333993
TPA,GPT,271,12.077351759864133
HOU,PHL,480,10.852509273427145
MCI,RDU,639,12.960565914247296
ROC,DFW,173,11.990268676755095
SEA,BWI,239,15.075536037772965
DEN,TVC,87,15.779780400849535
MHT,DCA,208,14.030348507427854
PHX,OGG,468,17.239053889799976
MEM,MIA,593,16.39164839022766
PDX,PSP,115,14.132302514644765
MCI,COS,174,14.432276405876724
MSP,SJU,26,19.27407782784719
ATL,LEX,1563,19.76988835394692
ATL,RNO,153,18.964679383824564
BGR,DTW,601,17.528156551330856
BHM,IAH,1724,12.990884957675528
BNA,LAX,1053,10.573735190314041
BOS,RDU,2647,18.884623624366476
CHS,ATL,3326,13.865767154892294
DFW,ONT,1312,15.839082169542134
IAD,LAX,3100,19.592326957116313
LAX,IND,435,13.95222662869358
MDW,OAK,1326,11.414847321886908
MIA,BNA,545,14.7072771679267
MLI,DFW,411,9.390086583332726
MSP,FSD,1416,19.141766654103947
ONT,SLC,1309,13.445790960203375
ORD,HPN,2672,20.224037441188973
ORD,MSP,7022,17.81063771421329
ORD,OKC,1421,19.05358933712875
PHL,CVG,1146,26.06674742049865
SLC,JAC,1153,20.60750616368777
ABQ,ELP,626,8.931701057568619
ANC,ADQ,518,12.53315125865561
DSM,DCA,181,16.289306990980027
EWR,PDX,501,31.571379155928106
LAS,TPA,908,18.402745213900197
MCO,SWF,734,14.786772850658657
PHX,SAT,2074,14.827132728303384
SDF,ATL,1950,15.049414957458193
SLC,LGB,1854,18.952116551951885
TYS,ORD,1468,14.961021024319095
CVG,CAE,736,16.35983449734909
DTW,HPN,483,20.258592710912545
GSO,ORD,700,17.695773219888515
MCI,JAX,226,12.854456213465168
SAN,IAD,1037,15.771692654016915
SAT,ONT,439,12.719488578561117
DEN,COD,384,16.895921462940983
DFW,BHM,964,15.671429896367245
YAK,CDV,269,9.388181551462026
BOS,RIC,511,16.710926764556838
DTW,LIT,266,20.619714920621476
PWM,CVG,529,16.98416220192813
SRQ,CVG,390,13.535977079355424
AMA,ABQ,273,9.819906857326274
CVG,RDU,803,17.363223815845707
MCO,LEX,38,17.088976305868027
MDT,BWI,1,17.741763037576202
IAD,MSY,342,18.050586517643843
RSW,MIA,2,16.612113748392044
ORF,PBI,1,16.32999833169385
JFK,LGA,2,16.70826759454589
DSM,ORF,1,16.349606174831106
ATL,RDU,3951,19.35261932389812
ATL,BWI,4376,20.106830075670217
BWI,PBI,1011,11.165720937715728
CDV,ANC,269,9.338024811650113
CLE,DEN,777,15.838972085751374
CLT,PVD,1005,16.632066270062925
DEN,COS,3176,16.512036551430995
DFW,SLC,2317,17.253836043479673
EWR,CLT,4107,25.85249697255626
FAY,ATL,1531,9.736135303552427
IAH,TPA,1471,18.068921706059427
IND,EWR,1237,20.421779265669297
KOA,HNL,6771,8.50488636782237
LAS,MSY,537,14.05763188231071
LAW,DFW,1666,8.520297153214678
LAX,MSP,1831,16.33802759963657
MHT,LAS,273,11.776563204075499
MHT,MDW,1273,10.32262276259742
MIA,JFK,1971,21.659985113763675
MSY,MIA,795,11.702757295759037
OAK,IAD,661,14.295119430262147
PBI,CLE,284,13.185119505737685
PHL,STL,392,19.13762424189228
PIT,MSP,801,17.27829602222842
PIT,EWR,551,21.603710340959047
RDM,PDX,1275,10.649682954653876
SLC,SAN,1953,18.572056872149968
TPA,TLH,291,13.049354589197614
TUL,HOU,946,8.895411561161032
BOS,FLL,1884,20.043862417226674
CVG,MSP,1350,16.789164224940276
DEN,FAR,953,17.77849443162152
EVV,DFW,265,9.488348936242497
IYK,LAX,691,12.368191518105785
MKE,DSM,472,12.96710711669806
RDU,MKE,478,14.988314232796187
RIC,JFK,1279,17.42199391641564
SAN,IAH,1800,15.972881035089939
SJC,IAH,742,14.9252902966116
ALO,MSP,210,15.426268903524562
GRB,CVG,438,12.210717038763088
HOU,BHM,542,10.151739721142546
LAX,SBP,2182,16.44212809808082
MEM,SEA,333,17.949947558528425
SAT,IND,143,15.496528056561587
BNA,SAN,545,10.223243554481323
CPR,SLC,828,11.34946459557675
PHX,TUL,767,10.84312107088909
CRW,CVG,142,11.801197473522846
DTW,CWA,313,17.8480162945355
JAX,CVG,841,15.20631864749314
DFW,OGG,271,15.634984158618026
MFR,PHX,293,13.165684883138153
PHL,ORF,212,17.37339662181827
ROC,LAS,84,12.968879962062584
KOA,ORD,195,12.636040469046474
ONT,MRY,245,11.612982762428429
AUS,TUS,228,14.585719118404267
SMF,OKC,227,12.096858898615112
ROC,MSP,127,20.801298954329866
EGE,MSP,92,20.604436020537932
SJU,DTW,152,18.35559363819993
LAX,ICT,182,16.58547377119132
AVL,ATL,1247,14.226545809496058
BDL,IND,431,17.375945769056937
EWR,ORD,5280,30.45343900842709
FCA,DEN,537,14.831056073111391
FNT,MKG,105,12.43116074139604
GEG,MSP,627,15.897828530157144
IAH,PHX,3158,17.834423290185907
IAH,LIT,865,17.243529961657252
JAX,EWR,1183,19.913081845025456
LAX,MCI,1024,9.964459883534811
MSP,IAH,1847,18.788523940388185
ORD,SEA,3611,20.167940430187485
ORD,IAH,3954,17.736970508220875
ORD,MSO,105,18.760192999460557
PDX,DEN,3522,11.697320804847813
PHL,LAS,2161,23.490651250527538
PHL,DFW,2539,24.96362685010289
PHL,FLL,2267,22.94943026107742
PHX,PHL,2144,17.269749277537095
RDU,CVG,1064,14.256579815903399
SAN,ORD,2205,18.51211969619352
SAN,ELP,274,12.6198454164086
SBN,DTW,1160,14.514735466873047
SFO,PHX,3586,15.969975224124418
SFO,DFW,2545,17.103980699389744
TUL,EWR,257,13.908240765199958
TUS,DFW,1919,11.272640891272923
XNA,EWR,400,17.432955366480858
BOI,SFO,1303,12.48694007015254
DTW,AVL,586,19.017028168107526
ICT,DEN,1205,12.18552184455489
JFK,RSW,1402,29.714758894570515
JFK,STL,556,34.9089602556376
LAS,SNA,3047,15.572757479792182
MCO,SYR,298,15.617327341713755
MYR,IAD,472,13.86174313202373
OKC,MEM,679,15.549835274233727
ORD,MHT,894,19.20744694376736
ROW,DFW,690,9.213283668805929
TUL,LAX,73,13.697804186312084
ABQ,SMF,464,12.133910340304254
SEA,DTW,894,19.252997791224985
SLC,ACV,216,17.841465845550328
STL,MSP,1355,15.802725918089955
BRO,IAH,1074,11.385079995477213
LGA,GRR,232,33.389467783391446
SAN,MKE,106,16.75531996741273
TPA,SJU,270,12.868218484113708
TUS,ORD,650,13.682614164166267
MEM,OKC,686,19.4005841235277
RKS,SLC,166,11.957545902390677
CVG,SCE,23,16.751094724882005
ABE,PHL,2,16.342882979161274
AUS,OKC,88,13.600216774756422
MSP,CMX,170,19.85377234052903
CLT,TRI,16,19.87621083206646
CLE,DAB,11,15.866064178957153
STX,CLT,18,15.247498748770386
ANC,MSP,684,18.93982277236565
ATL,CVG,2088,20.69543026890383
ATW,DTW,706,16.07914009909575
CLT,ORD,4063,22.492300003626642
CLT,PBI,1368,18.3595415478959
DEN,BHM,515,19.55014144232989
DFW,DCA,2913,15.389750224406475
EWR,FLL,3376,26.871520699041557
EWR,IAH,2928,27.29947277196655
LAS,BUR,3791,14.031197582638997
LAX,BOI,809,17.441012706538285
LGA,PBI,1420,30.395802663208425
MCO,MCI,1045,11.259205401750124
MKE,ATW,765,12.623104190081456
MSP,LGA,2056,22.207896445829242
PHX,OAK,3126,13.3711681092306
SEA,SIT,104,19.71318126569082
SFO,CIC,1023,17.255200293491505
SJC,BUR,2505,9.080168264155141
SLC,MCO,516,21.683445079357575
SUN,SLC,2210,10.13532297120194
SYR,FLL,246,13.77983079363644
TUS,MDW,538,9.008214141014264
ATL,CMH,1191,20.113480995097813
DEN,BIS,939,18.309231460987245
DFW,RSW,629,15.332591921820894
DTW,BWI,2399,18.57036746219534
EVV,MEM,614,12.918418546560824
ORD,PBI,493,20.19121531292152
PHL,SAT,198,21.87028191498543
PHX,DRO,607,21.088021179476996
SAN,BOS,512,17.0121528735167
BQN,JFK,516,12.229381475117291
FLL,LGB,258,20.129317905572684
LGA,RIC,782,35.79787249388989
SLC,CLT,211,19.72731768167198
FLL,IAD,948,20.486803521960308
FLL,IND,424,20.54394496817803
IAH,AMA,542,15.457482964385788
LGA,DSM,506,32.39178042251149
BWI,LIT,273,10.90969013906002
FAT,ONT,238,10.211214982348563
JAX,BOS,545,17.16105868053174
DTW,CHA,72,18.40844192554415
BOS,MDW,339,16.1435216321758
FLL,SWF,376,19.541854260367106
PUB,COS,2,16.97749836377666
AUS,IND,136,15.4506984672924
ACY,ATL,109,13.552389401989851
CMH,RSW,84,15.431566529226764
XNA,RDU,100,14.925532766109242
SCE,ATL,113,15.44680929396556
TUL,SAT,87,12.429415437345886
ALB,MSP,51,15.730989256597883
BNA,CMH,505,10.095189035885381
BUR,IAD,158,17.64822074479032
CAK,DEN,591,11.957612971788436
DEN,JFK,795,18.787964396350752
DEN,LNK,944,18.418339954644253
DFW,ATL,7156,15.94876906951379
DFW,ACT,1578,15.273237048474439
DFW,PIT,1561,18.01355053688168
DFW,CRP,1763,14.033552076622387
DFW,SFO,2565,17.41790818926057
FLL,PHL,2272,17.029211849662527
JAN,ATL,1970,11.656351443027914
JFK,RIC,1274,35.01346670310905
MKE,BDL,525,16.29535637376763
MSP,SEA,1762,19.345932624126043
ORD,CID,2957,18.686341840677215
ORD,STL,3302,17.125545917337824
PHX,SLC,5564,14.573357662079868
SEA,SFO,4010,17.09035219579221
SJC,PHX,3033,11.472536462833729
TUL,ATL,1476,11.984161150010738
TUS,LAX,3216,10.37104406457942
ALB,BWI,1769,9.7717591615813
ATL,CRW,1029,19.355727446632425
BMI,ATL,1831,13.376305111598292
BWI,LAX,756,15.024602872104698
CVG,JFK,1170,18.155598290915073
MKE,PHL,547,16.264371716777866
RDU,DEN,375,13.844305682156204
SGF,DEN,686,12.870692819179874
SJU,BOS,1048,15.65740429409507
TYS,DTW,1053,13.198395208446406
CVG,ORF,356,19.755738706690607
DFW,GGG,755,17.43705579492719
GEG,PDX,975,9.587151136503792
IAH,MFE,1962,17.691764371230807
IAH,ANC,185,15.437574106027176
ROC,EWR,716,22.417532526000503
COS,SAN,471,16.055335729206117
RIC,FLL,270,13.668218484113709
RIC,LGA,790,20.22836894632903
BDL,LAX,131,15.78359069014578
BHM,SDF,508,9.419050026731876
PWM,ORD,201,16.517250657037398
SLC,OGG,238,19.551492760126344
ONT,AUS,304,12.298954561910698
FWA,MSP,150,13.844149574581932
TPA,DAY,116,13.788132017568593
ABE,ORD,978,15.314036882214385
ABQ,IAH,1672,13.121852447686635
ATL,HSV,1890,19.815891708719786
BUF,MSP,212,15.610037843192314
CLE,RDU,302,15.062016803739736
CLT,BNA,1557,19.8592594367868
CLT,SLC,212,21.640572194337356
CMH,MDW,1995,9.226811694335641
CVG,MHT,596,19.8093342336167
DEN,LAS,6073,14.527328093241284
DFW,LGA,3658,20.102165564972054
FLL,DEN,711,17.4886069841214
IAH,ATL,3747,19.57909663284603
IAH,CMH,651,21.929857225273018
ISP,MCO,1583,9.259540670493807
JAN,IAH,1262,10.7163337766131
LAX,SLC,3884,15.485721889912655
LGA,MKE,403,23.664083697387166
MCI,DTW,1010,15.526254636713572
MCO,BDL,1323,12.498783623391397
OAK,IAH,717,12.43654486951289
ORD,SAT,1320,19.669218915997362
ORD,GPT,208,18.871433778745686
ORD,SHV,204,18.003267381560576
ORD,BOI,588,20.548322750652645
PBI,ISP,814,10.115543883005078
PDX,EUG,1212,8.900816097398089
PHX,BUR,3656,12.78246894628073
RDU,EWR,1966,19.44634420382757
RNO,DEN,1024,13.529636792287139
SEA,OGG,623,18.1022732762502
SFO,OGG,723,18.120090446204898
ATL,LWB,153,16.541034063627517
EWR,HNL,273,22.66201212048417
LAS,STL,1208,15.571406927596492
LGA,CMH,1724,33.61151629927643
MEM,MCI,756,18.429069373345392
MKG,FNT,108,10.42297414504042
SEA,MKE,119,15.726804230274475
SFO,MCO,273,20.151176207171478
TPA,MDW,1695,10.684143217717127
CLT,STT,325,22.194213106443698
IAH,PDX,969,19.593552418956218
MCO,IAH,1892,13.426791923231919
ORD,BTR,202,16.912023471890425
ORF,JAX,538,9.688486249857801
BWI,IAH,1286,14.558255924338614
SEA,LIH,274,15.33589479912465
ORF,MSP,113,16.814907453474763
BOS,SDF,79,20.665348177646404
FAT,MRY,2,16.20826759454589
ORF,SAV,1,16.428037547380125
MCO,OMA,9,15.573388388413328
ATL,PDX,843,21.808320173478595
AUS,ATL,1711,13.646695011309703
BUR,SLC,1406,15.413344721783233
BWI,SFO,267,16.374857775761473
CLT,SFO,1057,21.357569932173792
DCA,BDL,872,15.454262380603456
DEN,HLN,231,16.999394715004936
DFW,PHL,2541,18.074037018493396
DFW,LIT,2270,17.68440944608465
DFW,CMH,1279,15.947953284361464
DTW,RDU,1010,20.85549991973244
FWA,ORD,2116,15.750613995806273
LAS,EWR,1816,18.395407242720463
MBS,DTW,1059,12.65088360226906
MCI,MDW,2891,9.607898644990271
MEM,RDU,785,17.812969957983697
MTJ,IAH,237,13.877456149534448
PSP,SLC,709,12.829815434672446
RIC,MSP,333,16.618354869233386
RIC,CVG,662,14.794704936680318
SFO,COS,271,19.722211572948247
SJU,MCO,1863,16.21162044689827
STL,TUL,646,9.769870567408601
SYR,MCO,299,16.257392306350678
FLL,DTW,973,19.897194442733515
MSP,AZO,213,17.84345975253379
OAK,HOU,515,9.42801754852458
PBI,BOS,1315,15.289252684920429
SLC,ONT,1311,18.58767811529492
STL,DFW,2662,13.287916635293653
JAX,IND,273,10.219287662279834
MCO,CMH,856,12.605772533020295
DTW,MDT,395,19.37040430318289
DTW,TUL,540,17.889542228671843
MKE,LAX,262,12.089198445244827
OAK,GEG,544,9.577154738916477
SAN,DTW,431,19.885301278412445
HLN,MSP,239,17.065155414935596
PHX,YUM,1437,21.945413527179817
HSV,ORD,431,14.317733710844879
JAX,HOU,267,10.854353043900272
JNU,PSG,265,14.472475920369481
MSN,MEM,257,14.817035553473573
ORF,EWR,294,16.74369161312903
SAV,MSP,27,17.062726167745275
BWI,EWR,344,23.664542931259867
GSP,CLT,1,16.82019441012522
LGA,SRQ,69,23.42714214215451
AUS,STL,88,12.911810977654973
MCO,OKC,9,16.11576126976926
SFO,MSO,12,16.513385724457844
CVG,MYR,13,16.092538332006132
SJU,MEM,26,17.010919933110348
RNO,TUS,222,12.131727628369067
ATL,DAB,1952,19.316098858599595
ATL,ONT,636,19.916661683551585
BOS,PHX,793,20.060296458975547
CVG,MDT,749,18.440337815915377
DAB,ATL,1932,13.060459089261547
DEN,SNA,2387,15.66673365404858
DFW,MSN,649,16.388883998449767
EWR,LAS,1841,30.866647231579265
JAX,ORF,533,10.094047881503236
LAW,ATL,389,11.749043086369902
LAX,HNL,3776,16.303405623344585
MCI,MEM,761,15.382034420365459
MCI,MSN,240,12.92010315488409
MDW,IND,979,11.52267241488473
MFE,DFW,1036,9.418812076350264
ORD,XNA,2194,19.646091762440456
ORD,TPA,1827,19.104864099582517
PDX,LAS,2721,11.606578821694834
PHL,DEN,2228,26.867791885389106
PHL,SJU,1127,25.669354218280702
PHX,BOS,800,18.377446958725162
SAN,MDW,1329,11.936062302332406
SEA,SLC,2797,17.129199127122018
SEA,SNA,2189,17.01332287401357
SJC,SNA,4038,10.446386965488353
AUS,SNA,243,12.688839300055927
BNA,PHL,745,10.580918131970298
DTW,RIC,622,21.130699278149386
IAD,JAX,522,22.155297054049626
LAX,BDL,131,19.05430892218998
LIH,PHX,232,12.566772747930449
OME,ANC,515,6.323592769763516
PDX,LAX,2700,13.31448360542414
SLC,IAD,427,20.582452651816325
SLC,SMF,1254,18.967660977696614
TPA,JAX,759,10.929332404099366
MCO,TLH,217,15.302733763731784
SDF,BWI,1134,9.416241482192895
SDF,DTW,854,16.25313043685441
STL,SLC,1032,12.13477810990424
LGA,TPA,1139,30.513734158886784
AUS,SAN,534,10.419229306363675
LAS,TUL,298,17.140315847460883
MCI,PDX,273,10.516501284570856
DAY,TPA,116,12.330300692267388
PSP,IAH,210,13.191653518909177
BWI,DAB,29,14.402910315397294
RSW,MCI,5,16.77872572575248
RIC,RDU,1,16.467253233654635
HSV,BHM,3,16.01565877200729
MSP,LNK,103,17.508692254355466
ABQ,SFO,409,13.698975849491038
ATL,PHL,5082,21.009904504075678
ATL,PIT,3353,19.758986163654534
ATL,MCI,3050,19.66865481126335
BTV,MCO,268,15.9994651412465
DEN,MCI,3832,14.438389983234515
DFW,CMI,271,17.198847086966936
HOU,HRL,2113,8.882954190899856
LAX,ATL,4138,16.56156397204307
LGA,IND,938,33.472499913882984
MSY,TPA,813,8.528192253669046
OKC,SMF,226,11.999383749697051
ORD,LAS,3995,18.900575998743232
ORD,SLC,2099,20.416393631882915
PHL,MHT,1750,20.651016619397993
PHX,RDU,584,18.53758661658736
RIC,BOS,511,14.876702165626359
SAN,PHX,5818,14.115001689658552
STL,MEM,797,15.383506393053585
MEM,HSV,793,17.276192069888953
MHT,MCO,1229,10.701196180544478
RSW,MDW,839,9.862575832301898
SEA,DCA,547,17.733383442071
BHM,MSY,744,9.145881504932477
SLC,LWS,473,17.89642431150361
TPA,HOU,1043,10.71530641803878
MOT,MSP,811,11.894111399438312
FAT,DFW,525,12.036225938985021
KOA,DEN,33,15.75698692670345
MEM,GSP,795,17.815183331261995
MEM,ORF,151,17.27278564635018
MKE,CLT,237,17.12484290911633
CVG,BUF,158,15.725143821713395
MKE,SDF,254,15.982993141172324
BNA,ONT,274,10.419228132457983
CHS,BOS,152,18.46450452928904
GEG,TUS,152,12.905098588694981
MSY,DTW,53,15.988639950644528
RSW,DEN,222,13.929521746016126
CVG,CHO,34,17.343213272814122
ATL,CHS,3331,19.010893201690738
ATL,GPT,2533,19.46760740027735
ATL,BDL,1537,20.80266535281436
CLT,PHL,2581,19.34847203151516
DFW,SDF,1062,15.583480139313297
IAH,BTR,1408,15.975877856595602
LAX,SJC,6903,12.346876156323368
LGB,JFK,1146,15.534974845247815
MEM,CLT,1815,16.22832703212675
MEM,DSM,614,17.96661131764516
OKC,DTW,422,16.815317616348278
ORF,CLT,1353,14.233663517402984
PDX,MCI,274,10.561203441099957
PIT,MKE,893,14.169490895987686
PVD,LAS,274,11.06737628060613
RDU,PHL,2453,11.632373118224685
SAV,IAD,882,14.6468132134296
SFO,PDX,2296,17.940677713093088
SLC,BIL,1507,20.378824608167236
TUL,DAL,1714,8.603078183059177
TUS,SEA,351,12.458428715502212
DTW,BTV,615,22.144105135212612
MSP,MSN,1072,19.259206697786443
SAV,CLE,318,13.178885638359747
SFO,MKE,110,13.948936968227414
SJC,ORD,1096,16.72934547549423
TYS,CVG,775,12.82403626050471
CLT,PWM,262,25.204583060629446
CVG,CHS,591,17.27898582670263
DEN,CLT,1517,15.652731279461639
DTW,MLI,553,20.480646625068633
PNS,MEM,796,12.755118102738045
XNA,DCA,199,14.39690728882083
SLC,HNL,271,16.198847086966936
EYW,ATL,728,9.629601433054482
PDX,OGG,274,14.564289860853046
SMF,JFK,262,12.483429214475597
CLT,TLH,234,21.027570122945026
DCA,GRR,222,18.969962922486715
CID,ATL,258,18.23321400946879
IAD,CHS,569,20.628158182417426
BNA,CVG,606,15.371691943470102
JFK,HDN,13,17.3623796018474
PIT,MIA,172,16.274008625749488
CVG,BTV,150,16.98414957458193
LGA,EGE,14,17.637967420568536
MDT,AVP,1,16.428037547380125
LGA,HDN,13,19.21952245899026
AUS,BNA,621,10.010178710754674
AUS,LAS,955,10.193860611857101
AZO,MSP,209,16.427914729406897
BUF,CLE,462,14.216464677571068
BWI,CMH,1256,10.644586458588352
CAE,ORD,1207,17.428663416799036
CHA,ORD,552,13.900049692552138
CLE,MSP,1364,17.806810406588674
COS,DFW,1478,14.949496017615436
DTW,BHM,705,21.677920417107796
DTW,PLN,251,19.04594656118401
EWR,LAX,2459,29.465057758037617
EWR,ROC,711,26.575334973608918
IAH,SFO,1980,20.624054145279008
KOA,OGG,608,8.744422363094813
MCI,EWR,1234,15.274789653361672
MCI,MSY,454,12.26751967245315
MEM,MSY,728,19.060192692694585
OMA,DEN,2154,11.739940977729757
ONT,LAS,2700,10.493392696333231
ORD,OMA,3041,18.20149786959443
ORD,ABE,988,21.067273521114053
PDX,SNA,1064,12.944192024161927
PHX,SFO,3605,16.322525284518846
PIT,CLT,1713,13.284078227405779
SAV,MEM,547,14.756834028335657
SEA,ANC,4793,17.054889513713892
SFO,ATL,2382,18.944009011067592
SFO,SNA,2832,16.29314015090784
CLE,DCA,655,16.986992787115444
DTW,SEA,894,21.46274355393685
EWR,BNA,1260,28.17162588924915
MEM,JAN,787,19.296093088311096
MSP,IAD,542,19.21086134276417
OMA,DFW,1262,12.65459597173505
SLC,ORD,2092,20.04753964281811
HOU,BWI,979,9.80158397951058
IAD,MCI,211,20.61620657056087
LGA,CID,72,27.53139274521628
SLC,BFL,371,19.348764643506858
FLL,MEM,374,19.84865545970846
MCO,MLI,121,15.577952718809277
DEN,RDU,374,15.150542252161289
LAX,BZN,11,17.128359260924366
HSV,CVG,618,13.179386100174233
MCO,ALB,782,11.243785955428349
MHT,FLL,154,11.082499582923463
SEA,AUS,145,15.78887135854557
SFO,LMT,168,17.939586765671496
BWI,PWM,776,12.685024110068264
GJT,PHX,754,12.86297253099053
AKN,ANC,75,10.750639319331091
IAD,STT,119,18.105502455126548
ORF,BOS,189,17.28799127580078
HDN,ORD,175,19.510355177406165
RST,DTW,118,13.79065425545468
ABE,LGA,9,15.692032456209937
AUS,DTW,1,16.722155194438947
MSY,IND,10,15.097165248606439
SRQ,DCA,12,15.545643788973972
ATL,RSW,3128,18.47036812930031
BWI,BHM,777,10.997375955158871
DEN,OAK,2423,13.916227219941927
DEN,BWI,1980,15.04523641128886
DFW,FNT,241,18.532061563286554
ELP,PHX,3085,11.544762333306663
EWR,DTW,3141,28.88305544184155
EWR,BOS,2813,32.506053061444774
LAS,CLT,1292,18.519992485034564
LGA,BOS,8629,27.49335521545298
MDW,CMH,2002,11.251379100836445
MEM,CLE,964,17.359792815499397
ORD,TVC,1800,19.026935089143993
ORD,PVD,1389,19.029763665681994
SFO,DEN,3746,17.51260008296006
SJC,SAN,3916,10.011807845415126
SNA,LAS,3044,12.519660605984612
SYR,IAD,472,15.333007499839821
CVG,BHM,682,16.732008080486867
KTN,JNU,261,12.20845631805912
PBI,LGA,1405,17.85898963224494
PHX,MEM,634,20.900336132918696
SLC,WYS,264,18.817929665338813
DFW,TXK,930,17.915132566241212
ELP,HOU,757,8.77674091067706
GRR,CVG,1049,16.476642324764683
MBS,MSP,117,13.885209071355607
ORD,MOB,202,18.84853140839836
SLC,EKO,1200,14.80786393193311
EWR,BTV,675,26.305972296436394
ROC,CLT,312,13.339309157227587
SDF,CLT,558,17.404325517954582
BOS,PIT,485,20.584728812927825
MCI,OAK,514,10.327712615099976
MSP,SAV,27,19.647141752160863
SEA,MIA,270,16.958843484113707
IAH,SAV,736,16.910725082590822
EGE,ORD,173,20.1427350444681
DCA,PLN,1,16.682939508164438
TPA,PHF,94,13.991874409141571
IAD,SAT,99,20.55590546923749
HDN,JFK,12,16.31983733736107
SAV,JAX,3,16.053394621063894
SLC,HDN,351,20.480872605776526
BDL,MKE,523,11.96130875203558
BHM,DTW,701,15.604300818796787
BNA,DTW,2078,13.507908794603566
BOS,BWI,3460,19.558356101115777
DCA,LGA,8072,25.19500491441965
DEN,EWR,1632,21.727009461900348
DEN,GUC,612,18.835090505915993
DFW,CLT,2748,15.380210834494777
DTW,ATL,4173,18.378600500808993
GRR,CLE,787,13.854038130127105
GRR,DTW,1956,14.63899796356749
IDA,DEN,714,12.967054862456004
MEM,ORD,2765,18.82551684366479
MHT,PHX,274,10.8698454164086
MSP,ORD,6767,18.882181298946218
OMA,ORD,2971,15.315733172762789
ORD,ROA,386,19.412453933294465
ORD,ANC,462,20.900058427571068
SJU,ORD,905,15.646942319284175
STL,MIA,540,13.299711720197266
TUL,DEN,1108,12.18638161909878
ATL,CHA,1444,19.14044840355849
ATL,MSN,284,18.31985004465984
EVV,DTW,970,12.845911681290575
GSP,LGA,419,17.628635213041335
MSP,TPA,756,18.94767979518162
MSP,SBN,270,18.04946848411371
SLC,RDU,255,19.47157349152914
CHA,ATL,1445,11.126307635395577
SEA,ABQ,532,13.070154492983482
MEM,SAT,715,17.433764594661945
RSW,HPN,423,13.44572920701139
SLC,FAI,79,19.26224740245261
MDT,DFW,262,13.698172804219189
COS,SMF,422,14.539893887534717
DCA,MSY,311,16.16296375323099
JNU,GST,83,16.171653495611928
MCI,IND,884,11.500888559867652
PHL,IAD,373,25.954680649920537
PHL,STT,169,24.994657145736927
EWR,SJC,196,33.22288583299344
JAX,MSP,155,15.5991703166653
PHX,TEX,131,19.88856306583639
SRQ,LGA,70,16.365249290969885
MSP,PWM,42,16.204672988221592
ASE,SLC,393,13.611354209743537
ATL,SJU,1391,21.532845187311857
AUS,DFW,3917,12.346818733278646
AVL,CVG,163,13.393567675663785
BOS,CLE,1033,20.0386241134962
CMH,LGA,1726,19.338868195335802
DBQ,ORD,979,12.602361433349259
DEN,DAY,666,18.577974741503333
DEN,DSM,1036,15.85619697506113
HHH,ATL,675,11.496317124022603
IAD,FLL,945,19.459125542629536
IAH,LAX,2953,20.006270367937525
IAH,TUS,1274,18.840505978033526
IND,MDW,992,12.347245599727819
ITO,HNL,5519,8.481384434353814
JAX,MEM,619,15.488534999875018
LAS,JFK,3421,21.315422044055424
MDW,MCI,2927,11.196785325803287
MDW,SEA,1084,11.296146309450076
MEM,DFW,1708,15.383862295174282
MSP,PDX,1136,19.611155071598976
ORD,MEM,2777,19.22066852313986
ORD,RDU,2242,18.814934517851828
PDX,DFW,1187,12.67488271213936
PHX,LAS,7961,15.613884647973583
SAN,DFW,2608,16.230936762572004
STL,MCO,1855,10.585212553761883
TPA,LAS,909,12.408581767378923
ABQ,HOU,739,9.175956799640542
ATL,HHH,674,20.695897672536447
BNA,PVD,273,10.662012120484167
EKO,SLC,1195,12.406289088286254
FNT,DFW,236,15.21618851369366
GRR,ATL,999,12.870190576660045
HOU,MCO,1304,9.175649863306047
LGA,MSN,426,29.495440997723502
MSP,XNA,511,22.22429574851406
SLC,GTF,786,18.856255879086586
CVG,PVD,704,19.318076810233936
GRR,EWR,424,17.773902774085204
PHL,SAN,624,23.73416901322906
RNO,OAK,996,9.214942557281441
SDF,EWR,772,17.493710358779058
MSY,MEM,727,14.63041173090912
TYS,DFW,1045,11.849159739649668
BWI,JAN,503,12.012350659884968
SMF,MDW,532,9.537508444873517
PHL,RIC,304,30.773530833097137
LIT,BWI,272,9.912515263715486
MSN,CVG,99,12.522348422257627
LAS,MHT,274,16.28342566332218
SBP,LAS,123,13.860288525528244
AUS,TUL,88,13.498767499394104
PNS,CLT,346,12.870782613425218
SRQ,CLE,115,13.429272211614462
SLC,BLI,120,18.47547008774345
ATL,SCE,114,19.157499481197476
CWA,MLI,1,16.388821861105615
ABQ,DFW,2084,11.449779716455664
ATL,DEN,4365,18.79701696827098
BFL,SFO,744,10.158475963370764
BWI,PIT,807,10.605402467813754
DEN,ONT,1196,15.220569755149588
EUG,SFO,1338,12.07408495310979
GEG,LAS,569,9.981954628297878
GSO,ATL,2036,15.288988453938824
IAH,RSW,807,18.18183187271457
LAS,MSP,1937,19.034640118226665
LAX,IAH,2922,14.554787992905917
LAX,MDW,1803,9.385229311881483
LAX,ANC,237,15.403588553715633
LGA,ATL,7755,30.933738618182755
MDW,LAX,1813,11.351492171184319
MIA,DFW,2419,15.78121908259068
MKE,CLE,1608,14.382888971602164
OMA,DTW,947,14.78618848035746
ORD,ATW,1599,19.899229784667305
PHL,PDX,289,28.489173790313824
SGF,ATL,789,14.301346740067206
SHV,MEM,783,13.275906260403826
SLC,SAT,493,23.340386583639756
SLC,RNO,1319,18.331504685841043
STL,DAL,2006,9.246998985854274
TVC,ORD,1808,13.941243226542728
ABY,ATL,829,9.101057923681896
ATL,AVL,1252,19.995261071364354
ATL,ABE,599,19.02747290433958
GSP,DTW,934,14.120762108654864
LBB,IAH,648,12.60434085231574
MDW,TPA,1724,10.866871428926938
PHL,BDL,347,24.546171070318355
SMF,SAT,226,11.807354764189805
CVG,DEN,1099,16.51682325057997
LGA,GSO,657,36.408528875412145
SLC,ANC,385,19.62949405727905
STL,RSW,259,14.517248915587013
DTW,ICT,147,17.816395507189778
OAK,JFK,875,14.246302610720418
GJT,SLC,776,11.347251712973835
PBI,BDL,279,15.20313044047534
MSP,MDW,1055,14.874054221643789
SHV,DTW,251,13.624019650885005
MKE,CWA,284,13.595299146456247
BZN,SFO,26,18.879340985741926
SFO,ASE,44,17.157765052301983
MIA,IND,205,14.9914898624172
SLC,ELP,120,21.269587734802272
PSP,MSP,120,15.44017597009639
CAK,RSW,85,18.19874011049175
CHO,CVG,35,13.939175469604544
OKC,BMI,1,16.29078264541934
AUS,SJC,712,12.149383090441452
AZO,ORD,1734,14.768962956791697
BOS,IAH,1361,19.695131052385815
BOS,MCO,2716,19.598636990208384
CLE,MKE,1597,15.33323006370151
CMH,ATL,1205,14.20544216327999
DCA,EWR,1686,24.233196955597
DTW,CAE,526,22.103871380063172
DTW,BGM,527,20.15048512117225
EGE,DEN,1274,15.953799029393041
EWR,DEN,1657,27.538857595147267
FNT,DTW,1231,13.280897669723956
IAD,PHX,552,23.58775733374815
JFK,PSE,261,22.089485256965872
LEX,IAH,485,13.545476476479228
LGB,FLL,255,14.651901360381595
MSO,DEN,799,12.32017657822896
MSY,LAS,538,8.666377406320386
PDX,ATL,847,13.573946393440789
PHF,FLL,239,10.892145034312755
PHL,CMH,743,18.470151216792416
PHX,BUF,272,13.949782344460829
PSP,SFO,1209,13.254034880791412
RDU,BWI,1556,9.523555364206965
ROA,DTW,533,16.095763147369446
SCC,BRW,265,7.269301317194877
SFO,IND,170,16.271954158710848
SLC,HLN,942,19.603659188423777
SMF,SAN,3450,8.648808547118968
TUL,MSP,537,16.63684823665483
TUS,SLC,1204,11.718365163410196
TYS,MSP,270,14.430718484113708
BHM,TPA,811,9.222798972028324
BIL,DEN,1223,10.669937089486556
BUR,JFK,1006,17.78866469215567
CLE,PHL,501,18.6621232575615
DFW,CID,1330,16.590456460084336
DTW,AZO,965,19.45007873390777
EWR,MCI,1231,29.548657232565485
FSM,MEM,277,12.32975509148742
IAD,DTW,1261,20.408718470569326
LAS,DCA,266,21.398195933279705
MDW,BDL,777,11.529419485993213
RAP,MSP,714,13.156845438372233
SFO,MIA,809,18.36650746788869
SLC,FAT,664,17.46614834021903
CVG,LEX,1169,15.501090988446585
LAX,IYK,697,17.724002563475754
SAN,CLE,85,15.983925295676936
PHX,CMH,820,14.848080361972858
SJC,JFK,381,15.08545223878512
CLT,SYR,580,18.910841134787916
DTW,SWF,531,21.473029113453332
ATL,ATW,566,20.761087524214915
CHA,IAH,451,11.947764301230313
MCO,SLC,518,15.65815125865561
ABE,CVG,243,14.173480938281184
TUS,RNO,218,11.935932518344725
AUS,LGB,150,14.349149574581931
CHS,MSP,27,18.15363525865437
MTJ,EWR,18,17.703381101711564
PSP,ORD,346,14.44148968413229
CVG,JAN,117,16.831316855786746
RNO,BUR,1,16.251566959144828
ABQ,ONT,443,11.445902464333441
BOS,STL,643,16.411009978234326
CMH,DFW,1272,12.091399330496511
DCA,ORD,5113,18.289721075908655
DEN,MSY,811,17.18563288608175
DFW,LAX,4838,16.523901373755397
DFW,PHX,3952,16.187113921768212
DTW,MSP,3743,19.52513311756298
DTW,ERI,1013,21.52571017395709
EWR,DCA,1684,29.945691992454663
LAS,RDU,543,17.35047203189947
LAX,JFK,5997,19.604899936318237
LGA,ORD,7408,30.830897011922286
MEM,GSO,784,18.059748099420126
MRY,SFO,1760,10.359574538627838
ONT,SJC,2116,8.443596451946624
ORD,MDT,1221,19.59546020056364
ORD,GRB,2578,18.698945934138656
PHX,PDX,2975,15.318952037988888
PVD,MCO,1613,10.620462967478284
RST,ORD,1719,12.882323298426448
SFO,MOD,1207,18.809729447029742
TPA,BNA,1289,10.755660877458093
AUS,SLC,455,14.52837606914136
AUS,MCO,440,12.046591663094667
BIL,MSP,635,12.55449622615531
MEM,GPT,807,19.77926477819882
ONT,FAT,238,11.124409426793008
PDX,SFO,2332,13.023858066715528
SEA,MCO,544,18.04011770187944
TLH,MEM,789,11.339487383690567
CMH,IAH,647,14.183400164872864
DSM,ATL,772,13.419501113036967
ELP,ORD,522,15.10809425684683
LGA,SDF,499,31.2583422858222
SAT,SFO,272,13.719968679864555
SBA,SLC,502,11.972517961805048
MDW,LIT,288,11.762810399160907
CLE,GSO,145,14.455538025212238
DCA,IND,717,17.510860384506373
HNL,DFW,542,16.839239721142544
MDW,ORF,551,12.415690374236917
DCA,DSM,173,19.45663638975958
SFO,OTH,169,17.26862974847665
DFW,JFK,578,19.068200501459213
DFW,MDT,266,18.648195933279705
COS,ONT,458,13.033129753772416
PHL,BUF,270,21.336968484113708
LEX,MCO,38,14.45261266950439
LAS,FNT,91,15.608722800825435
ORD,ASE,259,20.811747297464034
MTJ,ATL,25,17.15773219888515
CVG,EVV,134,14.341466928893404
ATL,LAW,391,20.754716360354617
AVP,CVG,195,14.203387407821985
BOS,BUF,529,17.837357366004124
BTV,EWR,675,23.51011022747088
BWI,MKE,1091,12.58004374664013
CLT,DCA,2200,16.77947996218506
CLT,RIC,1307,17.011665375767418
CMH,MSP,811,15.089233350657825
COD,DEN,386,14.380343841551346
DEN,SFO,3968,16.73639370704738
DFW,MLU,754,17.86794765536864
ELP,LAX,796,9.794125194936628
IAD,JFK,1551,22.65885691125321
IAH,CVG,1372,17.654592063935574
IAH,BWI,1289,22.21495886102792
LAS,MAF,274,15.129104675667861
LAS,BNA,932,13.793105819670455
LAX,EUG,304,17.49951953366211
LAX,SAN,8498,17.06888510937253
LBB,AUS,516,9.022667694198564
LGB,OAK,1304,14.672695653557154
MAF,DFW,1590,9.351725557875845
MCO,PIT,1865,12.733070451653466
MDT,ORD,1271,15.284504099104002
MDW,ATL,2413,13.679183887501578
MKE,MSN,946,13.339186661562637
MSP,GEG,627,18.110531632077382
MSP,ANC,687,19.665983602328883
MSP,BZN,678,18.035480652357673
MSY,DEN,810,12.103290598739985
ORD,IAD,2138,19.59635736513546
ORD,CMI,1807,18.1776143860616
PHX,LGB,1247,19.879591299087423
PVD,ORD,1383,16.006859675447583
SJC,SLC,1026,13.47196088746876
SLC,JFK,1324,21.0486389482652
TUL,ORD,1513,16.48293660583262
ABQ,TUL,229,12.074659193248696
ATL,BQK,682,23.005232124202713
DFW,HNL,544,16.12429278605452
LAS,LIT,290,14.399499749754078
LAS,MFR,130,20.099055082868812
MEM,PHL,749,21.071126301522387
MSP,BIS,865,16.30036056275015
PBI,DCA,663,12.71645149357137
SDF,STL,742,9.213169084490387
STL,DTW,1929,13.91906514144335
STT,EWR,181,13.064198765871803
TPA,LAX,404,14.889493204661646
ATL,GRK,474,21.417614341443485
CVG,BOS,1366,16.50270474217259
EWR,BWI,342,23.083749782949965
MAF,AUS,377,8.896557177790132
OMA,EWR,744,19.58164976689721
SGF,MSP,260,13.705902951343184
JAC,ATL,102,17.130459966555172
ROC,CLE,698,16.0251736830433
MCO,HSV,246,15.793344307149955
OMA,TUS,220,13.166036721912542
JFK,DFW,577,30.87851661071194
LBB,ABQ,274,9.394536774433291
ORD,CRW,519,21.08933201215534
CPR,ORD,109,14.52723216928545
ANC,HNL,161,15.250378743679557
MCI,MKE,3,16.24207386634691
SAT,IAD,86,15.95463172732637
DTW,SJU,138,20.887393164448863
DFW,GUC,90,17.855927963688472
LAS,MLI,50,15.638299149163863
JAN,EWR,119,14.359940324949031
MSY,CVG,106,15.056602018694784
ABQ,MCO,541,9.133383950789149
AMA,DEN,543,8.829392773889353
ATL,SAN,2233,21.199224667068062
BHM,ATL,2043,15.870917302874528
CID,ORD,2756,14.9375730274114
CLE,SFO,371,16.104109061559114
DFW,BWI,1781,15.414434688649036
DFW,SEA,2934,17.256310293202542
DFW,PDX,1195,16.138015995916778
FAT,LGB,433,10.117660279329993
HRL,AUS,265,8.104221952115513
IAD,PIT,550,20.924716524860646
IAD,BHM,232,24.932020974880803
JAN,BWI,504,8.694638835589146
JFK,SEA,1380,42.26421672371775
LAN,DTW,1283,13.606774129719721
LAS,HNL,545,17.312319184733422
LAS,DTW,1550,18.98864369682274
LRD,IAH,473,11.655506529476838
MCI,DAL,3181,10.318734111704236
MCI,BNA,1012,9.98100745284029
MCO,BMI,121,13.788479034598751
ORD,RSW,502,17.68447448354418
ORD,FLL,1312,17.784750304637583
PDX,BOI,770,9.951012091361447
PHL,PHX,2138,26.806595025098897
PHX,BOI,506,20.731708480065443
PSP,DFW,796,12.737387606284145
PVD,IAD,304,17.318728573210134
RNO,SJC,1018,8.935234002730699
RNO,IAH,423,11.189915253523017
ROA,ATL,1167,13.905365583333102
SFO,MSP,1533,17.320170508475293
SJC,PDX,1773,10.627443727326597
SJC,RNO,1023,9.298070750155066
SNA,SLC,1454,14.690711379598662
SYR,EWR,849,26.68056720235416
ANC,OME,259,12.866763478693807
BGR,EWR,350,23.537074787290965
BOI,MSP,609,18.224324605335944
JAN,MDW,500,8.916054390757067
JFK,LAS,3416,34.373003437656195
MCO,MSP,1464,17.606228477487704
MEM,BOS,189,21.049497551951408
ORD,CLE,3298,18.75174131269904
SYR,DFW,176,12.481548296090205
FAI,SLC,78,14.834608710284268
GEG,SMF,369,11.863555882855339
JFK,DEN,793,37.502763837385984
OGG,SLC,239,12.660311124278154
PDX,RNO,885,9.8458073956325
GSO,MIA,385,12.914551528543418
SDF,MSP,594,15.237313532478861
BHM,BNA,521,9.444535752918366
GRB,MSP,1132,13.08615052023383
MSP,TYS,272,22.170279238870766
ONT,OMA,301,12.147663575260362
DFW,GSO,805,17.66880691803086
FLL,PHF,240,16.489068672125473
SAN,GEG,450,11.535659829832774
BNA,IAD,330,17.678499776095755
MHT,BOS,4,17.644998424377523
SNA,AUS,246,12.641317280122927
DTW,PWM,66,18.472671680313674
TEX,PHX,131,19.684143176333627
BTR,DCA,128,13.043988286047114
XNA,MIA,142,12.697030806856178
AKN,DLG,37,11.906090976050418
CAK,FLL,7,15.681226577480462
IND,PIT,1,16.545684606203654
MSY,MSP,15,16.412767921790557
ALB,ATL,874,16.333149258567516
BHM,CLE,264,12.311560238587218
BNA,PHX,899,9.735331838689554
BOS,CVG,1410,20.79645884583314
BWI,SJU,243,15.228088446813606
DFW,TYR,1268,17.6273368094965
DTW,PDX,157,18.646521328098483
GSP,IAH,699,12.041161435135363
IAH,PBI,1032,18.142171825246198
IAH,ICT,1173,16.752109497069817
ICT,PHX,519,13.544516546425987
IND,CLT,1202,15.283410475172833
ISP,PBI,817,9.065547768069651
LAS,IND,1288,16.168034316081005
LGA,MSP,2058,29.025536012768683
MCO,PVD,1619,10.911821398991245
MIA,SDF,266,14.160854161127807
MSP,MLI,385,19.86397681589974
MSP,LAS,1933,19.071522902126265
ORD,SGF,1771,19.47052713614299
PHL,TPA,2557,23.88485995969175
PIA,DTW,503,15.999692432036866
SEA,GEG,3259,14.122946483806706
SFO,CLE,373,15.661536441882712
SFO,RDM,801,17.059729629748986
SLC,BOI,2527,17.691823793137907
TPA,IAH,1466,13.606747964984423
ANC,DLG,74,14.151854152551502
BNA,FLL,556,10.27694705431747
CVG,SAN,478,15.564071808553763
DTW,GSO,959,20.431942433019213
LGA,LEX,238,30.971631649015233
LIH,SEA,272,12.83176992210058
OMA,IAH,1546,13.083226763732071
ORD,DAL,494,17.72579028477277
SAN,SLC,1957,17.154374646196505
SMF,TUL,227,12.161840848073597
TUL,SLC,505,12.830324171020516
CLE,PVD,268,14.681855078353417
IAD,SJU,593,17.600046523975717
MIA,IAD,369,15.777637028440063
PNS,IAH,471,12.143627475847191
CMH,SLC,233,13.568303586276983
DCA,LAX,274,17.150709613939465
IAH,ONT,812,20.720220318928522
TPA,ORF,273,11.835386733487264
ATW,ATL,566,12.140957654085044
DEN,OGG,133,17.643879316482984
DTW,EVV,983,18.892381330993597
ORD,BTV,546,20.454412608920112
SLC,TPA,258,22.729967256222036
ABQ,CLE,11,15.308687129776825
DEN,LIH,30,16.297873936454828
EGE,IAH,102,17.031775756028857
EWR,EGE,185,26.050340063473985
BNA,SLC,113,14.673803158996234
MCO,GSP,88,16.701666050118742
ABQ,DAL,2315,8.67265535514435
ATL,MKE,2564,18.676675560411777
BTV,BWI,341,11.101866790067485
BUF,BWI,1822,8.88879803147243
BUR,SEA,1040,14.448467811849897
BWI,CVG,900,16.693505173596197
CLE,DTW,1041,21.738615870684132
CVG,SLC,1261,14.853417173849266
CVG,SEA,598,13.860848634130226
CVG,SAT,719,17.18183343942313
DEN,BNA,1874,17.042531140808933
DEN,SJC,2647,14.61617720241616
DSM,DTW,699,13.987756895749515
DTW,MCO,2654,17.88048443598979
FNT,LGA,298,17.56272964056433
IAD,AUS,521,24.50583172489735
IAD,DEN,2210,18.36895128978601
IAH,RDU,1507,17.779595321076677
IAH,LFT,1972,16.086958414894355
MEM,ATL,3540,15.629200533402893
MSP,FNT,259,15.776148591962416
MYR,LGA,119,15.117336774653173
ORD,FSD,1250,21.439099934551066
PSP,PHX,1310,13.836639643320872
RIC,ORD,1350,16.04702136779742
SAN,ATL,2219,16.475464925040278
SMF,SNA,1894,8.793122384216248
TPA,IAD,1430,13.43231751007864
BHM,EWR,464,18.78760683835873
DFW,HOU,1682,15.477384477434404
EWR,SAT,705,31.062026377372696
EWR,CMH,1252,29.47682789164085
SLC,OAK,2310,15.696538099540842
DEN,MLI,460,19.50947042140468
DLH,DTW,534,15.838749854308881
DTW,BDL,1230,20.47799212102843
HNL,IAH,541,17.400727436406747
MSY,LAX,694,12.827728380263961
RDU,SAT,229,12.494014031958374
SAT,TUS,240,12.926999706608228
COS,MSP,446,17.41901192523465
JFK,ACK,218,31.85011162282234
RAP,ORD,181,14.168094869767906
ABQ,AMA,276,9.987208327964375
BOS,OAK,384,21.543386900729
MCO,PHF,266,13.236803528216415
BDL,DEN,214,13.64329513225904
TPA,ROC,273,12.445293854230298
CMI,DFW,268,12.477452562630146
IAD,HSV,507,19.638832881357967
BWI,SRQ,184,14.319785961181138
PBI,DEN,95,12.702275275285423
EGE,ATL,92,19.639647288143564
EGE,EWR,182,31.141508253949944
CMH,DCA,76,14.633570753304653
HPN,EWR,1,16.29078264541934
ABQ,LAS,1791,9.431738139552627
ATL,SGF,793,19.938113778074005
BOS,DTW,1799,22.251395302821194
BOS,EWR,2815,28.379347265241318
CVG,ABQ,260,16.37687069327867
DEN,DRO,1833,18.085942599530743
DEN,RNO,1028,15.275352425710935
DFW,GRK,2182,14.334153187686553
DTW,GRB,986,20.99983582520887
FLL,EWR,3366,21.9255942373877
FLL,JFK,3533,20.904780886105605
HPN,ATL,1598,17.70378028817742
IAD,BOS,2842,19.705335378601795
LAX,TUL,72,15.449425532101527
LGA,CAE,436,29.13751011299668
MCI,CLE,908,11.799404921624621
MCO,PHL,5296,13.624734364930113
MDW,SAN,1327,11.58956420836339
MOB,ATL,1705,12.044347529866887
MRY,LGB,432,9.028692769536072
OGG,SAN,278,11.58484730157435
ORD,FNT,959,17.52906830021446
OXR,LAX,962,11.463270666913425
PIT,ORD,2721,18.285756014044168
RIC,PHL,304,14.756581680554765
RNO,PHX,2121,11.305771494664388
SAT,DEN,1820,11.449641665730688
SBP,SFO,1278,10.244600839545472
SEA,SJC,2732,15.465431313772964
SMF,IAD,270,12.877593484113708
TLH,TPA,289,10.551120692968691
TUS,ONT,473,11.315162361216801
CVG,PHL,1241,20.66756771101192
GTF,SLC,786,9.015346788177496
JFK,DCA,1900,34.601451238418655
HNL,SFO,1761,17.643197081676636
MSP,FCA,208,18.15825548417204
BTR,MEM,767,13.625250813851146
LAN,ORD,964,17.110285912146338
DTW,SGF,259,19.009158300700282
PVD,PHX,272,11.036738866199958
YUM,SLC,437,11.508890995721533
MIA,BWI,687,15.055400155924541
MIA,DTW,907,17.086551635231334
MSP,BGR,11,16.35786745764568
MTJ,SLC,217,12.710973464106315
LGA,RSW,214,25.45768907165298
LAX,MTJ,14,17.669217420568536
CAK,LAS,42,14.378586031699852
MDT,CLE,57,13.80214873753632
ATL,AGS,1662,21.21602214656331
BOS,DCA,6518,17.23946862285572
BWI,LAS,1250,12.81294608839722
BWI,JAX,805,10.7600349882063
CID,DFW,1317,9.483416177700356
CMH,RDU,398,13.459441774366935
DEN,BUR,998,18.442585796675942
DTW,SDF,930,20.980438688690192
ELP,SAT,1014,8.774276235823672
GEG,SLC,1447,13.355263804219364
GSP,ATL,1813,15.356323089058716
HNL,ITO,5732,10.481637826862052
IND,BWI,758,10.885928112520281
LAS,ABQ,1801,13.853500764406476
LEX,DFW,591,10.993494407045846
LGA,DCA,8054,27.15718533007359
MCO,DEN,2323,14.43482086595718
MKE,FNT,588,13.463683252220042
MSP,PHX,2667,19.19169301248303
MSP,BUF,214,16.813749677713588
ONT,BOI,469,12.398516213711728
ORD,DFW,5943,17.982284317523174
ORD,DBQ,983,16.94078404154539
PHF,MCO,265,10.26295211084567
RDU,MCO,1371,10.261667779673742
SCE,DTW,303,15.98535386661866
SMF,SEA,2732,11.038759854391225
SNA,SFO,2862,14.836480053199308
HOU,OKC,1015,9.72566189194027
IAD,LAS,1323,18.642993383041798
LBB,DAL,1996,8.048303966234792
MEM,EVV,617,17.80784095189863
MSP,GRR,1296,20.823796370665963
MTJ,DFW,212,13.262709598917505
OAK,SEA,3800,10.779955822056204
ABI,DFW,1992,9.84810475754965
CVG,SRQ,392,17.983778088046122
GEG,BOI,767,10.134430740411734
JFK,JAX,788,32.43893784596227
MSP,OKC,412,21.88058423142075
OKC,LAX,417,12.687001959135731
SEA,CVG,597,18.774080239438
FLL,SJU,715,17.89650969270116
MSP,MCO,1471,17.928882258327672
BOS,LAS,1094,19.833767408143693
PHX,GEG,598,21.158688140303067
MHT,IAD,396,15.752981872009835
EWR,BQN,272,33.654751288560206
IPL,YUM,342,10.147525293154047
BTV,CVG,150,22.779149574581933
CHA,CVG,81,12.258243625315925
CLT,EGE,12,16.594030885748165
ASE,ORD,261,18.45926017658002
MEM,SJU,26,18.47144624889982
ORD,STT,69,17.9145371001377
BUR,RNO,1,16.388821861105615
PIA,HPN,1,16.428037547380125
CLE,BWI,1885,13.102754477992965
CLE,MHT,922,15.100648060613567
CLT,PDX,135,22.263945486034523
DAL,LBB,2002,9.49358182988128
DFW,SAN,2611,16.075847393805482
DTW,MSN,1190,20.049056382997087
FLL,MDW,1211,15.517708100647413
FSD,DEN,1050,11.596209013560351
HNL,KOA,6577,10.373295596033858
IAD,IAH,1273,20.654444380133324
IAH,IAD,1279,19.008901365625572
LAS,PHL,2155,18.97135143533623
LIT,ATL,1890,13.284448409750715
MSP,JFK,951,22.290539375540845
OAK,PDX,1962,10.402499957711921
ORD,ORF,902,20.724611255164273
PHX,EWR,1939,16.08840116385942
RKS,DEN,356,13.95524609585317
SEA,ATL,2066,18.43990071593402
SEA,KTN,1005,17.458606554423117
SMF,SFO,1650,10.585782302891992
TPA,CMH,781,10.389687021560032
TPA,PHL,2551,12.75349093230157
DEN,FCA,542,18.08417215357498
DFW,EVV,265,18.494698142591705
DTW,ABE,734,21.076313666985186
HOU,DFW,1680,12.13400573116554
OKC,ABQ,230,13.681535410415666
PNS,MCO,359,9.840659938670871
SEA,JFK,1373,19.80030211870442
STL,DEN,1765,12.679796096372664
YAK,JNU,265,8.355015602909162
YUM,IPL,323,12.787747761169937
CVG,MCO,991,14.616551311158872
LAS,OMA,816,13.305808215838784
MSP,LSE,347,18.616700037572762
CLT,LAS,1291,17.568105827678142
DEN,CVG,1103,18.67027746306712
MDW,RDU,1008,11.3599526606015
MEM,TUL,799,19.022178933941564
STL,MCI,1350,9.366307082083134
SWF,MCO,738,13.869073496086786
MLI,MEM,469,13.017013323538318
MRY,DEN,267,12.040472917717308
GTF,ORD,23,16.57301253310118
DTW,CRW,175,19.083688510739496
IAD,SJC,241,23.03377977634497
PWM,CLT,255,16.409278409561924
AVL,MSP,266,16.284271882646795
LAS,SDF,272,13.924937623963935
MIA,XNA,142,14.124114140189512
BOS,SAV,86,20.93257290379696
MCI,RSW,5,15.778725725752478
ANC,JNU,881,14.07715350689193
ATL,BMI,1836,19.58792678415503
ATL,MLI,1909,19.965201590054306
CLE,MDW,1941,13.095846265653634
CLT,IAH,2630,19.88762310258074
CLT,TUS,116,20.932710330821603
CLT,MHT,527,20.372322209560462
CVG,PWM,535,18.719367375925447
DCA,MCO,1351,17.104803650903918
GJT,DEN,1805,12.113654940655733
GSO,DTW,953,17.043698818461003
IAH,DCA,2222,18.729238518889254
IAH,OMA,1557,18.04718725259265
LAS,FAT,1554,18.13019321378827
LGB,SEA,1055,15.278579108521617
LIT,STL,497,8.911937687232882
MEM,IAH,2335,16.34038990143245
MGM,IAH,243,12.163242030431352
MKE,IAH,1216,14.275537057595882
MKE,GRR,908,13.726336028096437
MKG,MKE,258,9.142304918559695
MRY,ONT,245,9.633321745479275
MSP,MEM,1906,18.111364987176067
OGG,SEA,345,12.136278265611105
ORD,BDL,2479,19.27830364369964
PDX,HNL,547,16.524003207565137
PDX,SLC,2506,11.79649057704084
SAV,CLT,1112,16.775240890633725
SEA,DFW,2932,16.313490917141646
SYR,PHL,251,15.278504700718893
ATL,ALB,876,21.94474072885139
BDL,DTW,1154,18.87112119179102
CLE,STL,888,13.294061742981222
DSM,CLE,139,12.231904311726911
EWR,GSP,744,29.53630971651938
MDT,CLT,791,14.834518329270377
MSP,PIT,763,21.319593991287068
PBI,IAH,1024,12.46352878483835
PHX,BNA,902,10.723560834996205
RDU,MCI,640,14.383811470893313
SWF,TPA,232,11.258262109632575
TUS,SAN,1061,8.946741597584506
DTW,HSV,518,19.92751745583871
FAT,DEN,991,12.287060436999411
LEX,DTW,1208,13.727209789281707
MSY,DFW,1776,11.608888233798679
ORD,ABQ,544,20.247188408950144
SAT,CLT,383,14.12893744784385
SLC,YUM,440,18.68944880595181
IAD,PDX,273,21.405046176211723
KTN,WRG,262,13.419326650373035
MSN,DFW,640,12.456275239009257
SRQ,JFK,390,14.190522533900879
ABQ,EWR,165,14.22711588333203
FLL,MHT,153,14.1715759355487
IAD,PWM,197,21.74425066767768
SLC,GCC,170,15.171954158710847
ANC,CDV,270,15.505718484113709
ICT,DTW,147,14.831623933585718
ALB,DCA,246,16.715641604447253
IAD,ROC,334,20.658411236761424
RDM,DEN,12,15.335966369619134
ANC,ADK,70,14.27358262430322
EWR,JAN,118,31.266844731645158
EWR,HDN,13,18.64809388756169
SGF,BNA,1,16.29078264541934
ILM,RDU,1,16.349606174831106
ATL,GNV,1485,21.11519864163934
ATL,DAY,3162,19.15499063353561
BDL,JFK,559,18.925829088532655
BHM,DEN,521,15.59339739915304
BWI,PHL,505,13.85194579264214
CLE,ORD,3275,20.599046590952295
DFW,SNA,2671,15.716218270825573
DFW,LBB,2369,14.319896616335836
DFW,RDU,1731,14.746675976932277
DTW,PHL,2017,22.296966577124522
EWR,DAY,669,31.86902630725506
EWR,MIA,2144,26.336294400599993
EWR,RDU,1958,29.20260453930099
IAH,FLL,1447,19.06067462586265
ISP,MDW,1057,9.71348682467605
MCI,PHX,1648,12.37858063304852
MIA,TPA,1360,15.81690064887687
OAK,MCI,513,11.207513170366584
ORD,TUS,660,18.49553509143153
PBI,JFK,1880,14.680222753842687
PHX,BHM,275,12.359476661281189
PNS,TPA,133,11.228578770034899
SAN,EWR,887,15.874951883582057
SFO,SAT,271,18.669252071390613
SJU,MIA,1846,15.132294258922144
TOL,ORD,979,13.822963960074233
ATL,PWM,707,22.834649821554013
BDL,RDU,858,11.703557175018046
CAE,CVG,724,11.948100665266649
CVG,DCA,1451,16.571505606206788
EWR,SDF,789,28.301346740067206
JFK,MIA,1967,36.425299908238166
LAS,SAT,1205,13.767195151327797
LGA,MCO,2487,29.34679933579676
PDX,IAD,271,13.373301915627373
SLC,IAH,2082,19.28416037285009
STL,SGF,265,13.418507666401227
ATL,BTV,357,20.44675654770611
FWA,ATL,751,12.698913751456164
MCO,HPN,1031,14.09419973627788
MEM,PHX,629,16.84511033124652
SEA,CLT,380,15.7461160812009
BDL,LAS,273,11.448389829462496
IAH,VPS,317,17.367383964349827
ORD,VPS,228,17.279963722720815
SMF,ABQ,465,11.421028961002692
MSY,BHM,747,8.01986187567928
RDU,CLE,289,13.267934852260728
BOI,SAN,471,11.834606362603429
MSO,SFO,12,15.335966369619134
ORF,MDW,553,10.066052926892848
FCA,ORD,104,16.01188256439212
ORF,TPA,272,9.99015501526828
CLE,RSW,456,16.041165839755706
MCO,MKE,524,13.924790792537259
FCA,ATL,25,14.95773219888515
RFD,DEN,285,18.339790790795185
MKE,RSW,105,14.83116074139604
ATL,ASE,5,16.433271180297933
TRI,CLT,16,17.3156047714604
ATL,VPS,2214,22.294977877613245
ATL,VLD,677,21.42342491735404
BHM,BWI,783,9.722484891856407
CLE,ATL,2309,15.133459056768286
CLT,BWI,2754,20.865488557388154
CLT,PHX,1636,18.25671999698481
CLT,SAT,384,28.529562015936374
CMH,STL,500,8.992418027120703
CVG,LGA,2652,19.367812699821016
DFW,SHV,2663,17.729388099858603
DFW,MLI,417,15.695567269628237
DFW,DAY,760,15.61583940113134
EWR,MKE,1855,27.0392807952317
IAD,MCO,3273,16.75228104571664
IAD,DFW,1418,16.50329013277683
MCI,BWI,765,10.753165539774708
MCI,ORD,2786,16.366301098348515
MSY,EWR,852,16.079634052013734
ORD,BMI,1521,19.440375502811193
PDX,IAH,956,11.365636098326428
PHL,BOS,4626,22.629133856911118
RNO,SEA,627,10.357208146109878
SLC,COS,812,21.65409502890532
TUL,STL,639,9.072322082607238
XNA,ATL,1238,15.62253875381707
ATL,SBN,770,22.23393892062974
BUF,CLT,1055,12.35821711757139
GSO,IAH,768,12.514461998675289
HOU,CRP,1426,9.121835985715709
LAX,COS,749,15.560488003650047
LFT,ATL,730,13.410038352456906
MEM,XNA,772,19.799063156832588
PIT,LAX,281,13.29857980337277
STL,MKE,313,12.980247699494178
CVG,IAD,693,18.119555740129726
HNL,SAN,299,15.733037005491079
JNU,YAK,264,15.012197181262378
JNU,SIT,662,12.690772352410656
LAS,BDL,274,16.221697268260453
MIA,BDL,271,17.71909630815074
ONT,DEN,1193,13.067441604920665
ORD,EGE,176,18.366504048302595
STL,CMH,500,10.216054390757067
DFW,BUF,93,18.411398006408294
LAS,LBB,274,14.588981218877738
AUS,RDU,228,12.546150773080527
BOS,MSY,155,20.862584950811645
CRW,DTW,174,13.963526405876724
MIA,MCI,64,15.279209779968301
CVG,OKC,605,17.52035101513952
FCA,MSP,208,16.766782615954988
LGA,TVC,46,22.362811613712356
OMA,ONT,301,13.46675189434868
YKM,SLC,337,11.769586343453195
PVD,BNA,273,10.32764679540677
HDN,SLC,351,13.997082082085752
CVG,VPS,98,18.201553479164772
DTW,BZN,19,16.78014369444038
BZN,DTW,19,16.098984274150528
TPA,MKE,92,13.576267006453424
LAS,CAK,42,15.519890379525938
LNK,PIA,1,16.349606174831106
ATL,BTR,1993,19.663646556493582
ATL,ICT,2318,19.15744506542077
AUS,LAX,1287,12.122535463662219
CLE,SYR,562,15.032401821758802
DEN,MIA,636,17.588673345359165
FLL,ATL,5632,16.775049263448853
IAH,GRK,506,16.96372286855465
IND,ORD,2960,18.769046483360924
LAX,OKC,417,16.74053514971389
LAX,MIA,1864,17.691133706852867
MLI,ORD,1832,15.525945757128792
MSN,MKE,948,11.840510936789967
MSP,SMF,625,18.77011839246872
ONT,DFW,1300,12.459133270308435
ORD,TYS,1477,19.60041251795441
PHX,PSP,1316,19.906903305209653
SAT,LAX,1368,11.241064820110287
SEA,JNU,1092,17.361497298525734
SEA,SMF,2744,15.219695746212022
SFO,SBA,2264,16.782121830128084
SFO,IAD,2053,19.49445074413523
SLC,DCA,268,22.68814438652952
SMF,BUR,2580,8.494992363086078
TUS,MCI,230,11.863678267558523
BZN,MSP,678,16.674216916093936
CVG,BNA,740,16.43902520875492
FAT,SFO,1821,10.562175261847347
IAD,MDT,723,20.442212050344615
JFK,STT,298,28.574223893437892
MRY,SAN,441,8.740997790053742
MSP,BWI,800,19.72097637048987
ORD,TOL,979,17.43326522343672
PHX,LIT,233,11.352755883096771
AMA,IAH,542,11.771672153574977
EWR,MEM,928,27.402689074556633
IAD,SLC,430,16.19547898940914
JFK,PVD,443,39.168011997802004
MSY,LGA,349,16.08979928550473
PVD,CVG,697,15.203252898147774
SLC,DRO,375,19.82312921156797
STL,SFO,440,13.781285540645687
FLL,JAX,1386,15.249881556348459
IAH,STL,587,16.871004576006886
MCI,TPA,528,10.525657292242883
DTW,XNA,269,18.97438844801375
CVG,ILM,139,17.21074029056289
CHA,MEM,336,12.756036049006184
MLI,MCO,121,11.367426403019802
CHS,IAD,572,16.615482178322164
MSP,ROC,128,19.100168061328013
ABE,CLE,549,11.817746101696805
BUF,PHL,492,15.74876368065754
DEN,FAT,998,19.424456025683575
DFW,BTR,2084,17.534596961066722
DFW,ELP,2079,16.224908367739026
DSM,DFW,1524,10.456689907824897
DTW,MEM,1951,20.871978967974208
DTW,DLH,541,19.69006753792959
EUG,DEN,541,13.59023674266732
FLL,RDU,507,20.168455861609313
IAD,ORD,2134,21.403768276060617
IAH,JFK,890,23.307265866932326
IAH,CLT,2650,16.804011079598663
JFK,RDU,2871,33.69662099107031
LAX,SGU,538,18.462295773667325
LIT,IAH,859,11.801793085716596
MCO,BOS,2714,15.649359592950935
MDW,HOU,1516,11.16081092906538
RDU,BNA,1219,9.522324598042857
RDU,MEM,778,14.859697964874863
ROC,JFK,1841,16.66675299572522
SLC,GEG,1448,18.176121438528963
SYR,JFK,1395,18.80265046014975
ABQ,SAN,785,9.205784329241181
ATL,EWN,599,22.631479067667776
BHM,PHX,273,10.138792306242681
DEN,EUG,539,19.239100025324934
DFW,PSP,802,16.765058585582615
DTW,GRR,1875,20.595236319437085
MIA,MSY,800,15.776270488136925
MSP,BTV,74,18.135725120293436
OMA,MEM,582,14.203844802082891
PDX,SJC,1771,11.58804498347962
CLT,RSW,1320,20.576518186070356
SDF,LGA,499,16.161803123709266
STT,JFK,293,14.652565349610457
GEG,LAX,430,15.110062322742472
MEM,VPS,814,18.70697906819026
TPA,MCI,530,11.513499853304115
VPS,IAH,320,12.575215986260504
CLE,ABE,550,14.453049858193978
FLL,HPN,767,17.532227558037192
HOU,JAX,269,10.999466817919707
MSY,JAX,467,10.173752253223185
PLN,DTW,249,13.818829146877547
AUS,JAX,225,12.279381508786859
MCO,AVL,46,15.831561613712358
SBA,SBP,1,16.251566959144828
RIC,MIA,150,14.224149574581931
BOS,GSO,137,22.164865855167843
PHF,TPA,94,11.561318853586016
ACV,SMF,442,11.774044542512982
ANC,SLC,384,15.852142661097666
ATL,LFT,738,20.490900907254296
CLE,BOS,1025,15.923562711550128
CLT,BUF,1061,16.603807304155165
CMH,ORD,3648,16.98481068548307
DRO,SLC,376,12.058286185249735
DTW,TYS,1334,20.4630273951708
FAI,SEA,768,13.805415543907563
FLL,BUF,497,18.529853592168898
IND,MEM,794,17.581552031891455
JAX,IAH,1104,13.351672369944875
JFK,SJU,2740,33.22753760391268
LAS,PHX,8177,17.082755550615826
LAS,MCI,1464,13.791829534290876
LGA,BHM,420,30.0379359891838
MDW,ISP,1055,11.860479561010305
MIA,CVG,819,17.912347427982034
MLI,ATL,1902,12.508109587559625
MSP,LAX,1833,18.597360549610404
ONT,SEA,1038,14.45204955415109
ORD,MKE,2299,18.687454199623833
PDX,SMF,1890,9.473623667482673
RAP,SLC,567,11.930032277011971
ROC,IAD,366,14.610168064702853
SJU,ATL,1375,15.325494677134307
TPA,PVD,790,10.864083232043317
TRI,ATL,1258,11.163478528223537
ALB,ORD,1333,16.62894426241243
BTV,DTW,612,19.74898778688276
DAY,DTW,950,14.820829914916386
IND,SFO,168,15.315733554662323
JFK,ROC,1872,35.04985947706367
LAS,FLL,523,19.65764383056961
ORF,ORD,816,16.430519532236012
DFW,MOB,1036,17.941832334177153
DTW,MBS,1070,19.677526709746775
HSV,DEN,478,13.306496050978005
IPL,LAX,467,11.22984509655007
JAX,AUS,227,11.732237959986954
JFK,DTW,1398,40.42944054897541
MCO,SFO,269,16.225172147073312
OGG,LAX,1541,11.701338727163034
SLC,SBP,281,18.908851706696034
MCI,AUS,447,14.32762558333277
SAT,BWI,546,9.957768313618098
STL,PHL,391,10.809138129062102
IND,LAX,439,16.580429273857643
PBI,CVG,341,16.47526832459434
SMF,PHL,112,14.56685132664436
PFN,MCO,193,10.67008195438842
TPA,MEM,661,15.302151779066648
LIT,HOU,268,9.662987153825114
ABQ,STL,272,9.642328928311759
CLT,SMF,72,22.260900941937592
MSP,TUS,332,16.287512866273264
ATL,HDN,96,21.711163800797166
ATL,HOU,2717,18.652269575322148
AUS,ORD,1833,14.577711054124475
AVL,DTW,585,14.450125850262026
BHM,DAL,808,9.100034865869915
BOS,SFO,2032,19.672828969700475
BOS,BGR,597,20.91163819925253
BWI,ATL,4355,15.377259912580335
BWI,ORD,2594,16.050616457986532
CMH,CVG,892,12.583683561482363
COS,ATL,490,17.068203546141458
CVG,GSO,800,17.55979989990163
DFW,IAH,4100,16.07393491925696
DTW,BGR,605,19.56615254185708
HRL,HOU,2094,7.515778878225927
IAH,MSY,3176,17.854875981065216
IAH,MOB,1121,16.359376528536625
IND,MCO,1799,13.539118396385282
IND,MSP,1306,18.063296397430964
JAX,BHM,274,10.477870107766625
MDW,DEN,3174,12.935431115048507
MEM,EWR,901,21.424637134507243
OMA,ATL,1242,13.211168664795965
ORD,EVV,1391,17.487737623120324
ORD,CAE,993,21.623998000878608
ORD,SJC,1087,20.663878553136662
ORD,MBS,923,19.845662810808207
RDU,MSY,473,11.538871730241658
RDU,IAD,1222,15.745935467701562
SBA,LAX,3436,11.034374617015601
SMF,PHX,3098,10.295689299528712
SMF,ATL,505,14.069963810660157
CID,DEN,553,10.61497498327759
FLL,GPT,271,16.12719599662426
LAS,HOU,1069,13.620044606717057
LAS,BUF,417,15.6356100961807
MCO,CVG,990,15.092144148958065
MEM,BHM,649,18.32021447055277
MSP,BNA,580,20.20607923002601
PIT,DTW,1173,19.469198622172026
ALB,CVG,729,13.125583972935027
CVG,PDX,314,16.724807458561504
CVG,PHX,372,16.70812776046537
GJT,DFW,411,12.856464023679798
MCO,LAX,1300,15.388762899938063
PMD,SFO,541,13.503942326423667
SLC,TUL,511,22.88026722801495
CLT,CHS,846,18.499810172897753
ONT,ELP,382,11.962569247491636
CID,LGA,69,15.074200965683918
MCO,SDF,439,12.8667278423648
SAN,TUL,227,11.98855564951764
RSW,CAK,88,13.897318224031785
DTW,SRQ,189,18.3382004808217
ATL,EWR,5888,24.924188264553113
ATL,BOS,4403,20.347817182779334
ATL,LAX,4140,20.97203577921632
ATL,MLU,730,19.91516655758511
CLT,MCI,871,20.092106313698576
COS,IAH,1258,15.580145194890203
DEN,SMF,2400,15.19911425098628
DFW,MCO,3049,15.03253627457773
DTW,SCE,303,22.282804291547837
FAT,SAN,578,10.23858266706431
ILM,CVG,144,13.231082035651475
LAS,DFW,3691,16.55916330257054
LAX,MRY,2100,16.72457205344948
LAX,HOU,1046,9.11480831652955
LAX,STL,1299,14.557323880590353
LGA,IAH,2503,26.659941212266503
MCO,MHT,1226,10.799239745232278
ORD,MSY,1094,17.689536638912926
PBI,EWR,2125,18.07164593789259
SAN,PHL,610,17.116408961994527
ATL,ROA,1168,22.68048433080163
DFW,JAN,1864,17.16866766714545
GPT,DFW,856,10.431379597037955
HOU,BNA,1131,9.625596879692115
JAN,HOU,985,7.992106197986847
JAX,IAD,509,14.081985536523053
LAX,MSY,694,16.640900423274715
MCO,FLL,1565,10.10453864700705
MCO,BNA,1351,11.031284735843245
MIA,LAX,1872,17.985863639394584
MSP,SGF,262,22.25265998370637
OKC,PHX,1244,10.78348525109458
PIT,DCA,7,15.961928331866426
RDD,SFO,1284,11.135554658857862
SJC,SBA,870,10.31829338577868
TLH,ATL,1718,11.534406060473069
CAK,MCO,269,13.04335396525513
CHS,CVG,583,15.619004604923202
CVG,AVL,164,16.20481268652517
OGG,PHX,465,11.644329931876479
PHX,MHT,274,14.727870107766625
SBP,PHX,771,11.555213051055283
GSO,RDU,3,16.94018707389408
IAH,ELP,803,20.60355206906962
IAH,SJC,747,21.274567019970373
MIA,CMH,343,15.551730063400475
MSN,DCA,185,14.756723042197388
ABQ,AUS,427,12.559391855170622
DEN,GRR,339,20.42115659361539
LIT,DTW,262,14.81996767601406
LEX,EWR,300,16.94237118547539
IAH,MTJ,236,19.097307394812542
SLC,PIT,216,27.04071396585108
PFN,CVG,35,13.51564605783984
CMH,MCI,157,17.511255627615395
LNK,MSP,103,12.815881796839125
ANC,SEA,4779,13.715019655190801
ATL,MDT,1368,20.36377285960253
AUS,BWI,547,10.465376741903496
BDL,TPA,990,12.703682610496525
BOS,MKE,208,17.80166633688522
CLE,SDF,517,15.209576569517438
CMH,MEM,791,13.270903584918415
CVG,SFO,588,14.582805509273333
CVG,GSP,374,14.450070554048082
DEN,ICT,1208,16.50065970979045
DEN,MTJ,1250,17.938330703781837
ISP,BWI,1829,8.749776431568062
LAS,SMF,3091,15.996443780616488
LGA,MIA,2639,27.450661924476154
LIT,ORD,1299,13.487642635223414
MRY,LAX,2063,10.187804029775858
ORD,CAK,716,20.438420254460034
ORF,ATL,2078,12.494280975054693
PHL,MSP,1269,23.39865800979256
PHL,ATL,5069,24.83860713321281
PHX,TUS,2864,17.485185283087297
PHX,RNO,2125,14.596243639042017
PIT,MCO,1858,11.692258865260161
SAT,LAS,1205,9.057234991965249
SDF,BHM,504,9.692833781437521
SEA,DEN,5071,14.962474109532588
SLC,PHX,5538,15.804550807966425
TPA,JFK,2536,16.272942735853203
TYR,DFW,1260,9.537274744210983
MEM,BWI,658,19.6155789758706
OAK,LGB,1302,12.94144224476064
PHX,HOU,1220,11.017976310957785
SAN,PDX,1045,18.027241931430492
CLE,BUF,454,14.771487926421402
MSP,HLN,271,18.622523099427998
SDF,MKE,253,12.748613580582132
STT,SJU,448,13.154276937583106
EWR,ALB,500,31.25059984530252
ABQ,ORD,541,13.27551593048458
BOS,LGB,621,21.950566192125763
PDX,ANC,483,14.577542054252133
ONT,SAT,439,11.881042770790158
MSP,ALO,214,19.351628465592373
MCO,GRR,121,19.273859151557815
OKC,SAT,88,12.230651557365118
MIA,PIT,173,15.039596031015185
RDU,XNA,103,14.691698790303178
EGE,CLT,13,17.67983991930772
ANC,IAH,204,12.912716200458213
ASE,DEN,2986,12.693949247337413
ATL,GSO,2054,21.4761549025268
ATL,TRI,1271,19.270121055954874
BDL,CVG,899,15.620474093694822
CMH,PHL,742,10.406350902672205
DAL,OKC,1267,9.806248986269086
ELP,LAS,782,9.78344941696681
EWR,SNA,668,26.522047235259592
EWR,STL,1131,31.60612185852361
IAH,DTW,2120,19.860290283371608
JAN,DFW,1852,9.96678754727465
JFK,PHL,459,38.036993938932
JNU,SEA,971,12.93421147396316
LAX,PDX,2691,16.922593912775042
LNK,ORD,999,13.260085714886927
MCI,SAN,520,10.287420903362083
MSN,MSP,1073,14.067524412214057
OAK,RNO,1002,9.056872542696185
ORD,SFO,4034,20.6356096755427
PHX,SMF,3137,13.256300569474863
PHX,BFL,928,20.026410955947227
PVD,CLT,1005,14.168559161058187
ROC,ORD,1746,17.32061799271514
SEA,MSP,1758,18.16417583789623
SLC,STL,1026,17.64017650085166
SMF,ONT,2882,8.69298428203151
ATL,CSG,1060,22.36651343686161
BDL,IAH,120,15.869587734802272
BUF,LAS,414,9.837995506285317
ELP,DAL,1686,8.42674534269377
FAT,LAS,1547,10.836462063191226
JFK,ORF,247,42.38999971352319
JFK,IAH,889,28.898647406726717
MIA,LAS,598,15.956527646475905
OMA,CVG,739,12.91233195806893
ROC,ATL,1812,13.938684164831573
CVG,IND,391,15.573310464663008
MLU,IAH,456,9.772391136198392
PBI,ORD,491,14.48951925123177
STL,SNA,269,14.27219409064698
STL,OMA,784,9.634088626998066
FNT,MKE,585,9.517842385695097
IAD,MIA,370,14.937690273610444
IAD,MHT,397,21.2345188253163
LIH,OGG,332,7.562381976220907
PDX,MCO,235,14.304666368127672
PVD,EWR,883,22.31707386379034
CLT,DAB,22,17.30319326272759
IAH,MGM,243,16.76392462428801
PHX,MIA,268,14.0183330657748
PIA,DEN,269,12.526112585944785
LGA,IAD,721,31.02053166655822
OGG,PDX,272,11.778974891044678
CVG,TOL,20,16.38328449880552
AUS,TPA,273,10.940649891382002
MDW,MIA,130,13.087943971757701
GSO,BOS,129,15.77558611685132
GRB,DSM,1,16.48686107679189
ATL,HPN,1600,19.242927221161448
ATL,LIT,1899,19.251836795749814
AUS,MEM,675,15.230110227470878
AVP,ATL,480,13.20533946210639
BOS,DFW,2221,17.486054564031875
BWI,MCI,772,10.816094787002903
BWI,ALB,1769,10.878411168178333
CLT,BOS,2629,20.546409076116607
DAL,MSY,1546,9.94350245295513
DCA,LEX,220,14.766036721912542
DCA,BUF,460,14.638882186110562
DEN,GTF,675,18.621834365401913
DTW,JFK,1311,24.09465827694077
DTW,ALB,811,21.498060296070136
EWR,SLC,667,28.295439211877806
EWR,RSW,1462,25.43374994372777
GPT,FLL,269,9.667178416665788
GPT,IAH,1450,12.159219943277591
IAD,RDU,1226,18.698142566548892
IAH,SLC,2083,18.81754801449432
LAS,TUS,1576,14.45315492922287
MDW,IAD,1541,11.528491461292512
ORD,DTW,5511,18.65398847597849
ORD,ELP,523,19.249266867218825
ORD,CHS,1012,20.747485795589817
PHL,MIA,1654,24.540393142556564
PIT,MEM,759,16.692002367016546
RIC,ATL,3335,13.600836016223452
SBN,MSP,266,16.75262631302654
SEA,IND,75,18.62263931933109
SJU,EWR,1361,13.094138848275257
SMF,ACV,440,10.271081459013034
SMF,COS,425,12.325957715613447
AUS,LBB,515,10.783769760913959
BTM,SLC,518,11.191601962880963
DEN,MSO,801,17.992749606247223
DFW,PIA,447,16.724003852950478
ELP,SAN,274,10.098240478136995
HOU,LIT,268,11.263616084642724
IND,AUS,136,15.337795241485948
JFK,IAD,1569,33.4044656670268
JFK,IND,107,35.57853448991329
KTN,SEA,996,11.953948293419108
LAS,SBP,120,21.198999499508155
MSP,CMH,815,20.087664641521833
PIT,BWI,788,11.804092977227192
SRQ,MDW,393,11.074108160082137
TUS,ATL,504,12.979837391545825
DFW,FAT,531,16.997986084193435
JFK,SMF,258,38.27542180167658
MCO,PWM,384,16.174723306258954
SPI,IAD,132,15.03752700503509
PDX,BOS,272,16.030527686075736
PFN,MEM,804,12.286686083040266
SFO,BFL,743,17.975825870008055
SMF,TUS,466,11.331065726582144
ITO,KOA,206,9.069648105142134
OAJ,ATL,788,10.465190829255832
ISP,LAS,275,10.436399738204265
PHX,HNL,701,17.017083774855376
ALB,LAS,273,10.163560108100267
SAN,OMA,317,11.811525653723125
CHS,IAH,27,15.231557336576445
TPA,SAT,273,12.129504380546088
LNK,DTW,221,13.176494150982975
JAC,CVG,12,16.02951475671591
GJT,LAX,3,16.03452669653559
ABE,BHM,1,16.32999833169385
ATL,RIC,3342,19.84812202680318
ATL,PNS,3315,19.13486773103013
AUS,BOS,272,15.462204704709276
BOI,SLC,2509,11.866678356747318
BUF,DFW,90,13.177356535117045
BUR,SFO,1641,14.456434012369241
COS,PHX,1023,15.11260942676271
CSG,ATL,1053,10.505738816787295
CVG,DTW,2410,16.61293898980341
DAL,IAH,2864,12.659516099834038
DCA,RDU,2014,13.414161780482745
DCA,MHT,223,15.303406281745007
DEN,PHL,2240,16.354947561098857
DEN,IAH,3558,15.472790996373721
DFW,DEN,6161,15.715799374483398
ELP,ATL,405,13.333692120695355
EUG,LAS,161,11.383080165480504
EWR,TPA,2204,26.633464913450037
FAI,ANC,2222,11.211192744241368
HOU,MSY,2706,9.143987632407978
JFK,ATL,1753,36.251708216814414
LAS,SJC,3155,15.820227742563615
LAX,ORD,5420,18.567427772379595
MCO,PNS,359,15.417677053585297
MDW,MSP,1162,15.807615441350155
OKC,HOU,993,8.047775565595769
RIC,EWR,1134,18.588538779490193
ROA,IAD,384,16.82910118644329
SIT,JNU,539,13.41736827659828
SMF,DEN,2393,10.973733080195
DCA,LAS,265,17.05977750767107
DSM,IAH,507,12.70526017040644
EWR,MSY,856,28.13226259924546
GCC,DEN,504,14.450956525119832
GGG,DFW,758,9.476274647173746
MSY,PHL,756,14.266538355975666
OMA,CLE,421,12.243800243983836
PNS,FLL,143,10.828134274178167
RDU,FLL,507,11.130753886743962
STL,EWR,1141,15.246708576755992
STL,OKC,513,9.374475870188965
BUF,TPA,542,9.585861342764167
BWI,MSY,294,11.967528822431357
CVG,PBI,339,18.624241426520275
DTW,CID,703,20.88423627478936
EWR,MYR,232,27.28308480466804
ORD,LIT,1306,17.932765423979635
PWM,IAD,272,15.45288793452294
DEN,RKS,361,18.542165243105565
ROC,TPA,271,13.074236495066625
BNA,EWR,1264,16.80732870237168
MCI,TUL,629,9.821546266445342
AVL,MCO,46,13.841978280379024
STL,HOU,987,9.532140708694683
PSE,JFK,263,12.600095574812736
DTW,RST,97,20.1961218701795
MEM,RSW,43,19.47128940770308
IAD,TUS,112,20.671789598249298
FNT,TPA,113,11.99282156390421
BTR,ATL,1979,10.835303063044055
BWI,MHT,2752,10.676955715530474
BWI,IND,770,11.186377945019984
CLT,MSY,1028,16.559211423855647
DAL,MCI,3182,10.605454800407298
DTW,IND,2001,21.285143790792972
IAD,SAV,889,21.850724084043012
JFK,BDL,561,35.64620280673713
LAX,TUS,3216,12.774595809833555
LIT,EWR,240,12.951137637642711
MCI,STL,1343,9.923783140643494
MCO,SJU,1864,15.600224615943775
MDW,SDF,1268,11.031737416476773
MKE,BWI,1101,14.78960027360242
MSP,SFO,1460,20.548231731732706
MSY,ATL,3352,12.661913555237033
ORD,BHM,1182,20.09077103483473
ORD,LSE,1118,17.91937492715444
PHL,ORD,4982,26.250761111867327
PHL,DCA,418,21.21972204041963
PHX,ABQ,3935,12.374110392701729
SAT,DFW,3829,11.675903561463363
SAT,PHX,2050,10.848966626150661
SHV,ATL,1296,10.704182700532234
SMF,LAX,4578,12.266817181269747
COS,MEM,115,17.01715099949325
EWR,TYS,495,32.82354112828695
EWR,BGR,354,24.054034442862342
IND,SEA,74,17.288950926745052
OKC,DEN,2174,10.089851580448016
SAN,RNO,544,11.425639587401324
SEA,FAI,767,17.635042735515775
SYR,ATL,1050,13.265299922651261
TUS,SFO,271,13.896666401608682
ABQ,IAD,271,13.647445217808059
BIL,ORD,102,14.23572312444991
CMH,DEN,278,11.658018033281666
CRP,IAH,372,13.293435817337409
ELP,ABQ,624,8.927047351507992
EWR,ACK,211,34.470612700829065
MDW,PDX,684,12.051539393619056
MSY,BNA,735,8.36411454129476
PHL,BNA,746,20.949535068990436
DTW,OKC,437,21.326139455680465
GRR,MEM,256,15.630163120641788
RSW,PHL,930,13.54166317848611
MIA,MDW,132,14.345219312727398
RNO,ONT,269,11.638965250521586
MSO,MSP,189,16.790083326009984
DTW,SLC,389,17.655649008921156
PNS,ORD,270,15.052593484113709
HNL,SJC,274,16.067376280606133
JAX,MIA,118,12.737082826883253
CLE,ABQ,12,15.835966369619134
LBB,LAS,274,9.937746650976502
IAD,SPI,135,19.977458999548034
DFW,HDN,103,17.181894868734553
CAK,CVG,39,15.290223763105464
CMH,PBI,3,16.166602168233705
HNL,OAK,60,13.634817408330784
RDU,LAX,7,16.24263008625239
LIH,SAN,31,12.899134752054152
OMA,BHM,1,16.467253233654635
PVD,BOS,3,16.883583300309176
XNA,CAK,1,16.545684606203654
CRP,ATL,6,15.764819909221185
OAK,KOA,4,16.144998424377523
SAN,LIH,30,15.585373936454829
JAC,LAX,12,16.46499862768365
MCO,LIT,1,16.624115978752673
HNL,SNA,63,13.184335530233508
OGG,OAK,58,10.878054767744318
GRR,MKG,23,15.860683765977894
LAX,SNA,28,15.908075832261362
SAN,KOA,23,16.13465636871762
JFK,CHS,1,16.800586566987967
RIC,JAX,1,16.40842970424287
PBI,CMH,4,16.55240583178493
SMF,OGG,59,13.218623072627397
SNA,RNO,56,11.988961461475343
AUS,MSP,55,18.131713475394154
CVG,JAC,12,17.271450240586876
STL,CVG,205,16.399332999672104
CLE,OKC,32,16.22963310873642
MSP,CPR,31,19.257159443412178
CVG,STL,202,16.495356805223757
AZO,FAR,1,16.32999833169385
BNA,FSD,1,16.29078264541934
ROA,BWI,1,16.741763037576202
SNA,OGG,60,13.189362862876239
OGG,SMF,60,11.38027195378533
GRB,GTF,1,16.545684606203654
SNA,KOA,36,13.451510638562631
FLL,PSE,43,14.890644246412757
CPR,MSP,31,18.1830853693381
ACY,LGA,2,16.400575286853584
OAK,FLL,13,15.775078014545814
TUL,MCO,9,15.132710422311632
LIT,MCO,1,16.36921401796836
LIH,KOA,53,11.775047717634818
HDN,EWR,11,18.521801883875185
MCO,GSO,11,16.521801883875185
MSP,AUS,51,17.651781335805804
LNK,ABE,1,16.310390488556596
DAB,MCO,1,16.722155194438947
PDX,BUR,56,14.56443315958855
ICT,SLC,1,16.231959116007573
FLL,OAK,13,17.394125633593433
BHM,HSV,1,16.388821861105615
KOA,SAN,23,13.983971437210771
SNA,HNL,62,11.73955281175345
GEG,LGB,1,16.32999833169385
LAX,ONT,22,16.608748818283143
SNA,LIH,22,14.261526596060921
RIC,ORF,1,16.506468919929144
MKG,GRR,24,14.105809661032248
SLC,SDF,2,16.72749836377666
SDF,SLC,3,16.393017262573327
FSD,SLC,8,15.703964050282522
PSE,FLL,43,14.256235644262219
EWR,PSE,16,16.739847195702822
MRY,LAS,13,15.48936372883153
OKC,TUL,1,16.506468919929144
TPA,MCO,1,17.44764539051738
MKE,SLC,5,16.724180271207025
CHO,DCA,1,16.29078264541934
LAS,MRY,14,17.841092420568536
ERI,PIT,1,16.29078264541934
PBI,LAS,62,13.641338526039164
DAB,JAX,1,16.40842970424287
RIC,DCA,2,16.22749836377666
MFE,ATL,10,15.080498581939771
MYR,PHL,1,16.32999833169385
CMH,CLE,15,15.366614075636713
SRQ,TPA,2,16.381344517622814
SNA,LAX,30,15.185373936454829
CRW,LEX,1,16.32999833169385
PDX,ONT,59,15.19110013684758
OAK,OGG,58,13.748425138114689
AMA,TUL,1,16.231959116007573
TVC,MSN,1,16.388821861105615
MCO,TUL,9,16.35304940536248
OKC,MCO,9,15.166608727396378
OAK,ORD,57,18.390933784265293
OGG,SNA,60,10.734817408330784
LIH,SNA,23,13.518218012553238
PSE,EWR,17,16.251192759946065
BHM,SLC,8,16.962584739937697
MCI,OMA,2,16.554421440699738
CLD,PHX,39,16.177864212543668
BNA,CID,1,16.702547351301693
ONT,LAX,22,15.27541548494981
SJU,PIT,1,16.506468919929144
ORD,OAK,59,18.23697169648061
KOA,SNA,37,13.400343849613636
RNO,SNA,57,14.250746868377442
RDD,SMF,1,16.32999833169385
MIA,FLL,1,16.388821861105615
GJT,ORD,3,16.75150782861106
CLT,MDW,13,15.822697062164861
OAK,HNL,60,13.38936286287624
SNA,SAN,1,16.271174802282086
MRY,SLC,5,15.833271180297933
JAX,LAX,3,16.24207386634691
HPN,JFK,2,18.45826759454589
CLE,TUL,10,16.03049858193977
MCO,PBI,1,16.48686107679189
ONT,PDX,59,15.879173531342994
SMF,SBA,1,16.271174802282086
KOA,LIH,55,11.922189665870345
LIT,SLC,18,14.923969337005682
SLC,LIT,18,19.79161639582921
MDW,CLT,12,15.78757927284494
PHX,CLD,38,17.804885396777117
ATL,TUP,9,16.675083303667563
BTR,MSY,1,16.251566959144828
SWF,BOS,1,16.251566959144828
LGB,ONT,1,16.349606174831106
CVG,CHA,81,17.90709858714799
BUR,PDX,56,14.65877278223006
BUR,PMD,1,16.388821861105615
DAB,CVG,6,15.854105623506898
TUP,ATL,10,15.780498581939773
FWA,TVC,1,16.48686107679189
LAX,RDU,7,18.04964763011204
OGG,LIH,60,11.143908317421694
CWA,MSP,13,16.156030395498195
BOS,BNA,2,17.092882979161274
LGA,MLB,2,16.785190671468968
CDC,LAX,1,16.251566959144828
CLE,CMH,14,16.731717420568536
MDT,DCA,1,16.21235127287032
AGS,LGA,7,16.59350727923485
JFK,HPN,1,16.682939508164438
PIT,PBI,4,16.29314657252567
SJC,SFO,1,16.48686107679189
DSM,SLC,3,16.204338017290308
SLC,DSM,3,16.657168205969555
FSD,GRB,1,16.879017939536986
GJT,ASE,1,16.467253233654635
LNK,CRW,1,16.251566959144828
BZN,BTM,1,16.682939508164438
XNA,LEX,1,16.780978723850712
GSO,JAX,1,16.40842970424287
OMA,LNK,1,16.32999833169385
ICT,MCI,1,16.32999833169385
SLC,XNA,4,17.274628054007152
AVP,JFK,2,16.054421440699738
CDC,SGU,1,16.44764539051738
ATL,MFE,9,16.725930761294684
ORF,CLE,2,16.285190671468968
BNA,COS,1,16.545684606203654
CVG,SBN,1,16.32999833169385
ROA,CLT,1,16.271174802282086
TUL,OMA,1,16.388821861105615
BTR,CVG,2,16.323652209930508
ATL,CRP,5,16.342362089388843
LGB,GEG,1,16.36921401796836
MCO,JAX,2,16.535190671468968
AUS,DSM,1,16.388821861105615
VPS,LGA,2,16.323652209930508
SLC,MRY,5,18.17872572575248
SBN,CVG,1,16.32999833169385
XNA,SLC,4,16.996850276229377
CVG,BTR,2,17.650575286853584
DCA,PHL,4,16.237591016970118
KOA,OAK,4,15.904257683636784
SWF,BDL,1,16.506468919929144
PVD,BDL,1,16.32999833169385
LGA,VPS,2,17.18903682531512
MFR,SBA,1,16.310390488556596
ABE,JFK,3,16.52509273427144
COS,ABQ,1,16.40842970424287
CVG,DAB,6,17.711248480649754
CLT,AGS,16,18.361059316914943
LGA,AGS,7,19.24263008625239
BOS,BTV,1,16.643723821889928
RSW,PBI,1,16.36921401796836
BUR,TUS,1,16.251566959144828
SLC,FSD,7,17.04964763011204
SLC,BHM,5,17.360543907570662
PVD,MSP,6,16.014819909221185
IAD,DCA,1,16.918233625811496
CHS,JAX,2,16.323652209930508
TUL,ASE,1,16.349606174831106
BOI,PIT,1,16.29078264541934
PBI,PIT,4,16.367220646599748
AGS,CLT,16,16.239847195702822
ONT,SAN,1,16.48686107679189
LAX,JAX,2,16.515959902238198
MYR,ILM,1,16.428037547380125
IAH,AGS,1,16.56529244934091
BHM,AUS,1,16.251566959144828
FSD,SDF,1,16.428037547380125
MFR,MOD,1,16.251566959144828
MSP,PVD,6,16.496962766364042
COS,CLE,1,16.388821861105615
CLE,ORF,2,16.554421440699738
MLB,LGA,1,16.349606174831106
CHS,SAV,1,16.44764539051738
MSY,CMH,1,16.48686107679189
PHL,LGA,3,17.468488960686535
MSP,CWA,13,16.394125633593433
PIT,SJU,1,16.36921401796836
DEN,BTR,1,16.428037547380125
HSV,CLT,4,16.256109535488637
MFR,RDM,1,16.21235127287032
XNA,FAR,1,16.722155194438947
GRB,SDF,1,16.271174802282086
ATW,DSM,1,16.271174802282086
MSN,ATW,1,16.349606174831106
CMH,OMA,1,16.5260767630664
PHL,SDF,2,16.496729133007427
DSM,CWA,1,16.310390488556596
XNA,SGF,1,16.56529244934091
CVG,ROA,1,16.506468919929144
BHM,JFK,1,16.44764539051738
OMA,DSM,1,16.48686107679189
DRO,ABQ,1,16.506468919929144
IAD,DAY,24,16.173377228599815
CLT,HSV,4,17.626479905859007
SDF,PHL,2,16.41980605608435
CLT,FAY,21,19.5609847171322
DAY,IAD,24,14.916620471843059
IAD,BTV,32,16.99792579166325
ALB,BOS,1,16.682939508164438
GRB,DEN,1,16.506468919929144
FAR,LAN,1,16.310390488556596
ATW,CHS,1,16.251566959144828
BGR,BTV,1,16.349606174831106
BTR,DEN,1,16.310390488556596
CRW,BNA,1,16.36921401796836
BTV,IAD,32,14.266218474590078
HSV,TUS,1,16.36921401796836
ACY,JFK,1,16.349606174831106
ROA,CVG,2,16.323652209930508
MKE,TUS,2,16.535190671468968
SGF,FSD,1,16.349606174831106
FAY,CLT,20,16.42614164166266
FAR,MCI,1,16.29078264541934
